CHEMBL32704.pdb,CCCC(NC(=O)C1CC(OC(=O)N2CCc3ccccc3C2)CN1C(=O)C(NC(=O)C(NC(=O)c1cnccn1)C(C)C)C(C)C)C(=O)C(=O)NCCc1ccccc1
CHEMBL33248.pdb,CCCC(NC(=O)C1CC(OC(=O)N2CCc3ccccc3C2)CN1C(=O)C(NC(=O)C(NC(=O)c1cnccn1)C(C)C)C(C)C)C(=O)C(=O)NCc1ccccc1
CHEMBL68035.pdb,CC(C)COC(=O)NC(C(=O)NC(CC(C)C)C(=O)NC(CC(F)F)C(=O)NCCc1ccc(C(=O)O)cc1Cl)C(C)C
CHEMBL69077.pdb,CC(C)CC(NC(=O)C(O)c1ccccc1)C(=O)NC(CC(F)F)C(=O)C(=O)O
CHEMBL93005.pdb,CCC(C)C(NC(=O)C(CC(=O)O)NC(=O)C(CC(=O)O)NC(C)=O)C(=O)NC(C(=O)N1CCCC1C(=O)NC(CS)C(=O)O)C(C)C
CHEMBL104014.pdb,COP(=O)(O)CC(NC(=O)c1ccc2nc(Cc3nc4cc(C(N)=O)ccc4[nH]3)n(C)c2c1)C(=O)O
CHEMBL104015.pdb,CC(C)(C)Cn1c(Cc2nc3ccccc3[nH]2)nc2ccc(C(=O)NC(CP(=O)(O)O)C(=O)O)cc21
CHEMBL104390.pdb,Cn1c(Cc2nc3c(F)c(F)c(F)c(F)c3[nH]2)nc2ccc(C(=O)NC(CP(=O)(O)O)C(=O)O)cc21
CHEMBL104664.pdb,Cn1c(C(F)(F)c2nc3cc(C(=O)NC(CP(=O)(O)O)C(=O)O)ccc3[nH]2)nc2ccc(C(=O)NC(CP(=O)(O)O)C(=O)O)cc21
CHEMBL104768.pdb,Cn1c(Cc2nc3cc(C(=O)NC(CP(=O)(O)O)C(=O)O)ccc3[nH]2)nc2ccc(C(=O)NC(CP(=O)(O)O)C(=O)O)cc21
CHEMBL104853.pdb,CC(c1nc2ccccc2[nH]1)c1nc2ccc(C(=O)NC(CP(=O)(O)O)C(=O)O)cc2n1C
CHEMBL105448.pdb,Cn1c(C(F)(F)c2nc3cc(F)c(F)cc3[nH]2)nc2ccc(C(=O)NC(CP(=O)(O)O)C(=O)O)cc21
CHEMBL105624.pdb,Cn1c(Cc2nc3c(F)cc(F)cc3[nH]2)nc2ccc(C(=O)NC(CP(=O)(O)O)C(=O)O)cc21
CHEMBL105828.pdb,Cn1c(Cc2nc3cc(C(F)(F)F)ccc3[nH]2)nc2ccc(C(=O)NC(CP(=O)(O)O)C(=O)O)cc21
CHEMBL106290.pdb,Cn1c(Cc2nc3cc(F)ccc3[nH]2)nc2ccc(C(=O)NC(CP(=O)(O)O)C(=O)O)cc21
CHEMBL106473.pdb,CC(c1nc2ccccc2[nH]1)c1nc2cccc(C(=O)NC(CP(=O)(O)O)C(=O)O)c2n1C
CHEMBL106532.pdb,Cn1c(Cc2nc3c(F)c(F)c(F)cc3[nH]2)nc2ccc(C(=O)NC(CP(=O)(O)O)C(=O)O)cc21
CHEMBL106624.pdb,Cc1cccc2[nH]c(Cc3nc4ccc(C(=O)NC(CP(=O)(O)O)C(=O)O)cc4n3C)nc12
CHEMBL106723.pdb,Cn1c(C(F)(F)c2nc3cc(C(=O)NC(CP(=O)(O)O)C(=O)O)ccc3[nH]2)nc2ccc(C(=O)NC(CP(=O)(O)O)C(=O)NC(CP(=O)(O)O)C(=O)O)cc21
CHEMBL106798.pdb,Cn1c(C(F)(F)c2nc3c(F)c(F)cc(F)c3[nH]2)nc2ccc(C(=O)NC(CP(=O)(O)O)C(=O)O)cc21
CHEMBL106858.pdb,Cn1c(Cc2nc3ccc(C(=O)NC(CP(=O)(O)O)C(=O)O)cc3n2C)nc2ccccc21
CHEMBL106859.pdb,Cn1c(C(F)(F)c2nc3ccccc3[nH]2)nc2ccc(C(=O)NC(CP(=O)(O)O)C(=O)NC(CP(=O)(O)O)C(=O)O)cc21
CHEMBL106902.pdb,CC(C)CCn1c(Cc2nc3ccccc3[nH]2)nc2ccc(C(=O)NC(CP(=O)(O)O)C(=O)O)cc21
CHEMBL107274.pdb,COC(=O)C(CP(=O)(O)O)NC(=O)c1ccc2[nH]c(C(F)(F)c3nc4ccc(C(=O)NC(CP(=O)(O)O)C(=O)OC)cc4n3C)nc2c1
CHEMBL107294.pdb,COc1cccc2[nH]c(Cc3nc4ccc(C(=O)NC(CP(=O)(O)O)C(=O)O)cc4n3C)nc12
CHEMBL107328.pdb,Cn1c(C(F)(F)c2nc3ccccc3[nH]2)nc2ccc(C(=O)NC(CP(=O)(O)O)C(=O)O)cc21
CHEMBL107579.pdb,Cn1c(C(F)c2nc3c(F)c(F)cc(F)c3[nH]2)nc2ccc(C(=O)NC(CP(=O)(O)O)C(=O)O)cc21
CHEMBL108012.pdb,Cn1c(C(F)(F)c2nc3c(F)cc(F)cc3[nH]2)nc2ccc(C(=O)NC(CP(=O)(O)O)C(=O)O)cc21
CHEMBL108265.pdb,Cc1ccc2[nH]c(Cc3nc4ccc(C(=O)NC(CP(=O)(O)O)C(=O)O)cc4n3C)nc2c1
CHEMBL111936.pdb,CCC1C(=O)N(S(C)(=O)=O)C2CCN(C(=O)C(NC(=O)C(NC(=O)C(CC(=O)O)NC(=O)C(CCC(=O)O)NC(C)=O)C(C)C)C(C)C)C12
CHEMBL112992.pdb,CC(C)CC(NC(=O)C(Sc1ccccc1)c1ccccc1)C(=O)NC(CC(F)F)C(=O)C(=O)O
CHEMBL113467.pdb,CC(C)CC(NC(=O)C(O)c1ccc(Cl)cc1)C(=O)NC(CC(F)F)C(=O)C(=O)O
CHEMBL114125.pdb,CC(C)CC(NC(=O)C(O)c1cccs1)C(=O)NC(CC(F)F)C(=O)C(=O)O
CHEMBL115495.pdb,COc1ccc(C(Oc2ccccc2)C(=O)NC(CC(C)C)C(=O)NC(CC(F)F)C(=O)C(=O)O)cc1
CHEMBL116143.pdb,CC(C)COC(=O)NC(CCC(=O)O)C(=O)NC(CC(C)C)C(=O)NC(CS)C(=O)NCCc1ccccc1
CHEMBL116193.pdb,COC(=O)c1ccc(CCNC(=O)C(CS)NC(=O)C(CC(C)C)NC(=O)C(CCC(=O)O)NC(=O)OCC(C)C)cc1
CHEMBL116239.pdb,COC(=O)c1ccc(CCNC(=O)C(CS)NC(=O)C(CC(C)C)NC(=O)C(CCC(=O)O)NC(=O)OCC(C)C)c(Cl)c1
CHEMBL116398.pdb,CC(C)COC(=O)NC(CCC(=O)O)C(=O)NC(CC(C)C)C(=O)NC(CS)C(=O)NCCc1cccc(C(=O)O)c1
CHEMBL116399.pdb,CC(C)CC(NC(=O)C(CCC(=O)O)NC(=O)OC(C)(C)C)C(=O)NC(CS)C(=O)NCCc1ccccc1Cl
CHEMBL116690.pdb,CC(C)CC(NC(=O)C(NC(=O)OC(C)(C)C)C(C)C)C(=O)NC(CC(F)F)C(=O)C(=O)O
CHEMBL120084.pdb,Cc1ccccc1CC(NC(=O)C(CCC(=O)O)NC(=O)C(CC(=O)O)NC(=O)CCC(=O)O)C(=O)NC(C(=O)NC(CC(C)C)C(=O)NC(N)C(=O)C(N)=O)C(C)(C)C
CHEMBL128918.pdb,CCC(C=O)NC(=O)C1CC(OC(=O)c2cccc3ccccc23)CN1C(=O)C(NC(=O)C(NC(=O)c1cnccn1)C(C)C)C(C)C
CHEMBL130326.pdb,CCC(C=O)NC(=O)C1CC(OCc2ccccc2)CN1C(=O)C(NC(=O)C(NC(=O)C(CC(=O)O)NC(=O)C(CCC(=O)O)NC(C)=O)C(C)C)C(C)C
CHEMBL130397.pdb,CCC(C=O)NC(=O)C1CC(Oc2ccccc2)CN1C(=O)C(NC(=O)C(NC(=O)c1cnccn1)C(C)C)C(C)C
CHEMBL131943.pdb,CCC(C=O)NC(=O)C1CC(OC(=O)Nc2cc(Cl)ccc2Cl)CN1C(=O)C(NC(=O)C(NC(=O)c1cnccn1)C(C)C)C(C)C
CHEMBL133516.pdb,CCC(C=O)NC(=O)C1CC(OC(=O)N2CCCc3ccccc32)CN1C(=O)C(NC(=O)C(NC(=O)c1cnccn1)C(C)C)C(C)C
CHEMBL159723.pdb,CCC(NC(=O)C(CC1CCCCC1)NC(=O)C(CCC(=O)O)NC(=O)C(NC(=O)C(CCC(=O)O)NC(=O)C(CC(=O)O)NC(C)=O)C(c1ccccc1)c1ccccc1)C(=O)O
CHEMBL160002.pdb,CC(=O)NC(CC(=O)O)C(=O)NC(CCC(=O)O)C(=O)NC(C(=O)NC(CCC(=O)O)C(=O)NC(CC1CCCCC1)C(=O)NC(C=O)CC(F)F)C(c1ccccc1)c1ccccc1
CHEMBL160018.pdb,CC(C)(C)OC(=O)NC(CCC(=O)O)C(=O)NC(CC(F)F)C(=O)NC(CC(F)F)C(=O)C(=O)O
CHEMBL162028.pdb,C=CCC(C=O)NC(=O)C(CC1CCCCC1)NC(=O)C(CCC(=O)O)NC(=O)C(NC(=O)C(CCC(=O)O)NC(=O)C(CC(=O)O)NC(C)=O)C(c1ccccc1)c1ccccc1
CHEMBL162162.pdb,CCC(C)C(NC(=O)NCc1ccccc1)C(=O)NC(CC(C)C)C(=O)NC(CC(F)F)C(=O)C(=O)O
CHEMBL162950.pdb,CCC(C)C(NC(=O)OCc1ccccc1)C(=O)NC(Cc1ccccc1)C(=O)NC(CC(F)F)C(=O)C(=O)O
CHEMBL163433.pdb,CCC(C)C(NC(=O)OCc1ccc(C(=O)OC)cc1)C(=O)NC(CC(C)C)C(=O)NC(CC(F)F)C(=O)C(=O)O
CHEMBL163917.pdb,CC(C)CC(NC(=O)C(CCC(=O)O)NC(=O)OC(C)(C)C)C(=O)NC(CC(F)F)C(=O)C(=O)O
CHEMBL164538.pdb,CC(C)CC(NC(=O)C(CC(=O)O)NC(=O)OC(C)(C)C)C(=O)NC(CC(F)F)C(=O)C(=O)O
CHEMBL175172.pdb,CCCC(NC(=O)C1C(CC)CCN1C(=O)C(NC(=O)C(NC(O)c1cnccn1)C1CCCCC1)C(C)(C)C)C(=O)C(=O)NC1CC1
CHEMBL176172.pdb,CCCC(NC(=O)C1C(CC)CCN1C(=O)C(NC(=O)C(NC(=O)c1cnccn1)C(C)C)C(C)C)C(=O)C(=O)NC(Cc1ccccc1)C(=O)O
CHEMBL177235.pdb,CCC(NC(=O)C1C(C)CCN1C(=O)C(NC(=O)C(NC(=O)c1cnccn1)C(C)C)C(C)C)C(=O)C(=O)NC(C)c1ccccc1
CHEMBL181465.pdb,CC(C)COC(=O)NC(C(=O)N1CC(C2CCCCC2)CC1C(=O)NC(CC(F)F)C(=O)NCCc1cccc(NC(C(=O)O)c2ccccc2)c1)C(C)C
CHEMBL183312.pdb,CC(C)COC(=O)NC(C(=O)N1CC(c2ccccc2)CC1C(=O)NC(CC(F)F)C(=O)NCCc1cccc(/C=C/C(=O)O)c1)C(C)C
CHEMBL185139.pdb,COc1ccc2c(OC3CC(C(=O)NC(CC(F)F)C(=O)NCCc4c(F)cc(C(=O)O)cc4F)N(C(=O)C(NC(=O)OCC(C)C)C(C)(C)C)C3)cc(-c3ccccc3)nc2c1
CHEMBL214100.pdb,CC(=O)NC(CC(=O)O)C(=O)NC(CCC(=O)O)C(=O)NC(C(=O)NC(CCC(=O)O)C(=O)NC(CC1CCCCC1)C(=O)NC(CS)C(=O)NCCCc1ccccc1)C(c1ccccc1)c1ccccc1
CHEMBL216266.pdb,CC(=O)NC(CC(=O)O)C(=O)NC(CCC(=O)O)C(=O)NC(C(=O)NC(CCC(=O)O)C(=O)NC(CC1CCCCC1)C(=O)NC(CC(F)F)C(=O)NOCc1ccccc1)C(c1ccccc1)c1ccccc1
CHEMBL216587.pdb,CC(=O)NC(CC(=O)O)C(=O)NC(CCC(=O)O)C(=O)NC(C(=O)NC(CCC(=O)O)C(=O)NC(CC1CCCCC1)C(=O)NC(CC(F)F)C(=O)c1nc2ccccc2s1)C(c1ccccc1)c1ccccc1
CHEMBL216588.pdb,CC(=O)NC(CC(=O)O)C(=O)NC(CCC(=O)O)C(=O)NC(C(=O)NC(CCC(=O)O)C(=O)NC(CC1CCCCC1)C(=O)NC(CC(F)F)C(=O)c1nccs1)C(c1ccccc1)c1ccccc1
CHEMBL217122.pdb,CC(=O)NC(CC(=O)O)C(=O)NC(CCC(=O)O)C(=O)NC(C(=O)NC(CCC(=O)O)C(=O)NC(CC1CCCCC1)C(=O)NC(CC(F)F)C(=O)c1nc2ccccc2o1)C(c1ccccc1)c1ccccc1
CHEMBL224074.pdb,CCCC(NC(=O)C(CC(C)C)NC(=O)C(C/C=C/CC(C)C)C(C)C)C(=O)C(=O)NCC(=O)NC(C(=O)O)c1ccccc1
CHEMBL226763.pdb,CC(C)(C)NC(=O)NC(C(=O)N1CC2C(C1C(=O)NC(CC1CCC1)C(=O)C(N)=O)C2(F)F)C(C)(C)C
CHEMBL227375.pdb,CC(C)(C)OC(=O)NC(C(=O)N1CC2C(C1C(=O)NC(CC1CCCC1)C(=O)C(N)=O)C2(C)C)C1CCCCC1
CHEMBL227398.pdb,CC(C)CC(NC(=O)C(NC(=O)OC(C)(C)C)C(C)(C)C)C(=O)NC(CC1CCC1)C(=O)C(N)=O
CHEMBL227399.pdb,CC(C)C(NC(=O)NC(C)(C)C)C(=O)N1CC2C(C1C(=O)NC(CC1CC1)C(=O)C(N)=O)C2(C)C
CHEMBL227450.pdb,CCCCC(NC(=O)C1C2C(CN1C(=O)C(NC(=O)OC(C)(C)C)C(C)(C)C)C2(C)C)C(=O)C(N)=O
CHEMBL227471.pdb,CCCC(NC(=O)C1C2C(CN1C(=O)C(NC(=O)OC(C)(C)C)C(C)(C)C)C2(C)C)C(=O)C(N)=O
CHEMBL227477.pdb,CC(C)(C)NC(=O)NC(C(=O)N1CC2C(C1C(=O)NC(CC1CC1(F)F)C(=O)C(N)=O)C2(C)C)C(C)(C)C
CHEMBL227502.pdb,COC(=O)NC(C(=O)N1CC2C(C1C(=O)NC(CC1CC1)C(=O)C(N)=O)C2(C)C)C1CCCCC1
CHEMBL227516.pdb,CC(C)(C)NC(=O)NC(C(=O)N1CC2OC(C)(C)CC2C1C(=O)NC(CC1CCC1)C(=O)C(N)=O)C(C)(C)C
CHEMBL227661.pdb,CC(C)CC(NC(=O)C1C2C(CN1C(=O)C(NC(=O)OC(C)(C)C)C1CCCCC1)C2(C)C)C(=O)C(N)=O
CHEMBL227712.pdb,CC(C)(C)OC(=O)NC(C(=O)N1CC2C(C1C(=O)NC(CC1CC1)C(=O)C(N)=O)C2(C)C)C1CCCCC1
CHEMBL227723.pdb,CCOC(=O)NC(C(=O)N1CC2C(C1C(=O)NC(CC1CC1)C(=O)C(N)=O)C2(C)C)C1CCCCC1
CHEMBL227889.pdb,CC(C)(C)NC(=O)NC(C(=O)N1CC2OC(C)(C)C2C1C(=O)NC(CC1CC1)C(=O)C(N)=O)C(C)(C)C
CHEMBL227941.pdb,CCCC(NC(=O)C1C2C(CN1C(=O)C(NC(=O)NC(C)(C)C)C1CCCCC1)C2(C)C)C(=O)C(N)=O
CHEMBL228027.pdb,CCC(NC(=O)C1C2C(CN1C(=O)C(NC(=O)OC(C)(C)C)C1CCCCC1)C2(C)C)C(=O)C(N)=O
CHEMBL228109.pdb,CCCC(NC(=O)C1C2C(CN1C(=O)C(NC(=O)OC(C)(C)C)C1CCCCC1)C2(C)C)C(=O)C(N)=O
CHEMBL228248.pdb,CC(C)CC(NC(=O)C1C2C(CN1C(=O)C(NC(=O)OC(C)(C)C)C(C)(C)C)C2(C)C)C(=O)C(N)=O
CHEMBL228254.pdb,CC(C)(C)NC(=O)NC(C(=O)N1CC2C(C1C(=O)NC(C(=O)C(N)=O)C1CC1)C2(C)C)C(C)(C)C
CHEMBL258638.pdb,C=CC1CC1(NC(=O)C1CC(Oc2cc(-c3ccccc3)nc3cc(OC)ccc23)CN1C(=O)N(CC(C)C)NC(=O)OC(C)(C)C)C(=O)O
CHEMBL259478.pdb,COc1ccc2c(OC3CC(C(=O)Nc4ccccc4C(=O)NS(=O)(=O)c4ccccc4)N(C(=O)C(NC(=O)OC(C)(C)C)C(C)(C)C)C3)cc(-c3ccccc3)nc2c1
CHEMBL261963.pdb,Cc1ccccc1CC(NC(=O)C(CCC(=O)O)NC(=O)C(CC(=O)O)NC(=O)CCC(=O)O)C(=O)NC(C(=O)NC(CC(C)C)C(=O)NC(CC(F)(F)F)C(=O)C(=O)NCc1ccc(O)cc1)C(C)(C)C
CHEMBL262654.pdb,Cc1ccccc1CC(NC(=O)C(CCC(=O)O)NC(=O)C(CC(=O)O)NC(=O)CCC(=O)O)C(=O)NC(C(=O)NC(CC(C)C)C(=O)NC(CC(F)(F)F)C(=O)C(=O)NCc1ccccc1)C(C)(C)C
CHEMBL263172.pdb,CC(=O)NC(CC(=O)O)C(=O)NC(CCC(=O)O)C(=O)NC(C(=O)NC(CCC(=O)O)C(=O)NC(CC1CCCCC1)C(=O)NC(CS)C(=O)NCCc1ccccc1Cl)C(c1ccccc1)c1ccccc1
CHEMBL263183.pdb,CC(C)COC(=O)NC(C(=O)N1CC(C2CCCCC2)CC1C(=O)NC(CC(F)F)C(=O)NCCc1c(F)cc(C(=O)NS(C)(=O)=O)cc1F)C(C)C
CHEMBL263598.pdb,CC(=O)NC(CC(=O)O)C(=O)NC(CCC(=O)O)C(=O)NC(C(=O)NC(CCC(=O)O)C(=O)NC(CC1CCCCC1)C(=O)NC(CS)C(=O)NCc1ccccc1)C(c1ccccc1)c1ccccc1
CHEMBL263695.pdb,CC(=O)NC(CC(=O)O)C(=O)NC(CCC(=O)O)C(=O)NC(C(=O)NC(CCC(=O)O)C(=O)NC(CC1CCCCC1)C(=O)NC(CS)C(=O)Nc1ccccc1C1CC1)C(c1ccccc1)c1ccccc1
CHEMBL263772.pdb,Cc1ccccc1CC(NC(=O)C(CCC(=O)O)NC(=O)C(CC(=O)O)NC(=O)CCC(=O)O)C(=O)NC(C(=O)NC(CC(C)C)C(=O)NC(CC(F)(F)F)C(=O)C(=O)NC(C)c1ccccc1)C(C)(C)C
CHEMBL264008.pdb,CC(=O)NC(CC(=O)O)C(=O)NC(CCC(=O)O)C(=O)NC(C(=O)NC(CCC(=O)O)C(=O)NC(CC1CCCCC1)C(=O)NC(CS)C(=O)NCCC1CCCCC1)C(c1ccccc1)c1ccccc1
CHEMBL264914.pdb,CC(C)(C)NC(=O)NC(C(=O)N1CC2C(C1C(=O)NC(C(=O)C(N)=O)C1CCC1)C2(C)C)C(C)(C)C
CHEMBL265015.pdb,CC(=O)NC(CC(=O)O)C(=O)NC(CCC(=O)O)C(=O)NC(C(=O)NC(CCC(=O)O)C(=O)NC(CC1CCCCC1)C(=O)NC(CS)C(=O)NCCc1ccccc1)C(c1ccccc1)c1ccccc1
CHEMBL265298.pdb,CC(=O)NC(CC(=O)O)C(=O)NC(CCC(=O)O)C(=O)NC(C(=O)NC(CCC(=O)O)C(=O)NC(CC1CCCCC1)C(=O)NC(CS)C(=O)NC1Cc2ccccc2C1)C(c1ccccc1)c1ccccc1
CHEMBL269187.pdb,Cc1ccccc1CC(NC(=O)C(CCC(=O)O)NC(=O)C(CC(=O)O)NC(=O)CCC(=O)O)C(=O)NC(C(=O)NC(CC(C)C)C(=O)NC(CC(F)(F)F)C(=O)C(=O)NC(c1ccccc1)C(C)C)C(C)(C)C
CHEMBL284771.pdb,CCCC(NC(=O)C1CC(OC(=O)N2CCc3ccccc3C2)CN1C(=O)C(NC(=O)C(NC(=O)c1cnccn1)C(C)C)C(C)C)C(=O)C(=O)NC(C)C(=O)c1cccc2ccccc12
CHEMBL285069.pdb,CCCC(NC(=O)C1CC(OC(=O)N2CCc3ccccc3C2)CN1C(=O)C(NC(=O)C(NC(=O)c1cnccn1)C(C)C)C(C)C)C(=O)C(=O)NC(C)c1ccccc1
CHEMBL285260.pdb,CCCC(NC(=O)C1CC(OC(=O)N2CCc3ccccc3C2)CN1C(=O)C(NC(=O)C(NC(=O)c1cnccn1)C(C)C)C(C)C)C(=O)C(=O)NCC(=O)O
CHEMBL285478.pdb,CCC(C=O)NC(=O)C1CC(OC(=O)C2CCc3ccccc3C2)CN1C(=O)C(NC(=O)C(NC(=O)c1cnccn1)C(C)C)C(C)C
CHEMBL285686.pdb,CCCC(NC(=O)C1CC(OC(=O)N2CCc3ccccc3C2)CN1C(=O)C(NC(=O)C(NC(=O)c1cnccn1)C(C)C)C(C)C)C(=O)C(=O)c1ccccc1
CHEMBL286124.pdb,CCCC(NC(=O)C1CC(OC(=O)N2CCc3ccccc3C2)CN1C(=O)C(NC(=O)C(NC(=O)c1cnccn1)C(C)C)C(C)C)C(=O)C(=O)NC1CC1
CHEMBL306027.pdb,CCCC(NC(=O)C1CCCN1C(=O)C(NC(=O)C(NC(=O)C(CC(=O)O)NC(=O)C(CC(=O)O)NC(C)=O)C(C)CC)C(C)C)C(=O)O
CHEMBL317899.pdb,Cn1c(C(F)c2nc3c(F)cc(F)cc3[nH]2)nc2ccc(C(=O)NC(CP(=O)(O)O)C(=O)O)cc21
CHEMBL320324.pdb,CC(C)CC(NC(=O)C(NC(=O)OC(C)(C)C)C1CCCC1)C(=O)NC(CC(F)F)C(=O)C(=O)O
CHEMBL321912.pdb,Cn1c(Cc2nc3cc(F)c(F)cc3[nH]2)nc2ccc(C(=O)NC(CP(=O)(O)O)C(=O)O)cc21
CHEMBL322095.pdb,Cn1c(Cc2nc3cc(O)ccc3[nH]2)nc2ccc(C(=O)NC(CP(=O)(O)O)C(=O)O)cc21
CHEMBL323079.pdb,CC(C)Cn1c(Cc2nc3ccccc3[nH]2)nc2ccc(C(=O)NC(CP(=O)(O)O)C(=O)O)cc21
CHEMBL323196.pdb,Cn1c(Cc2nc3ccccc3[nH]2)nc2ccc(C(=O)NC(CP(=O)(O)O)C(=O)O)cc21
CHEMBL323214.pdb,Cn1c(C(F)c2nc3ccccc3[nH]2)nc2ccc(C(=O)NC(CP(=O)(O)O)C(=O)O)cc21
CHEMBL323567.pdb,CC(C)n1c(Cc2nc3ccccc3[nH]2)nc2ccc(C(=O)NC(CP(=O)(O)O)C(=O)O)cc21
CHEMBL323758.pdb,Cn1c(Cc2nc3c(F)c(F)ccc3[nH]2)nc2ccc(C(=O)NC(CP(=O)(O)O)C(=O)O)cc21
CHEMBL325129.pdb,Cn1c(Cc2nc3c(F)c(F)cc(F)c3[nH]2)nc2ccc(C(=O)NC(CP(=O)(O)O)C(=O)O)cc21
CHEMBL325776.pdb,COc1ccc2[nH]c(Cc3nc4ccc(C(=O)NC(CP(=O)(O)O)C(=O)O)cc4n3C)nc2c1
CHEMBL326490.pdb,CC(C)COC(=O)NC(CCC(=O)O)C(=O)NC(CC(C)C)C(=O)NC(CS)C(=O)NCCc1ccc(C(=O)O)cc1Cl
CHEMBL331243.pdb,CCCCC(NC(=O)C(CC(C)C)NC(=O)C(NC(=O)C(Cc1ccccc1C)NC(=O)C(CCC(=O)O)NC(=O)C(CC(=O)O)NC(=O)CCC(=O)O)C(C)(C)C)C(=O)C(N)=O
CHEMBL332056.pdb,CC(C)COC(=O)NC(CCC(=O)O)C(=O)NC(CC(C)C)C(=O)NC(CS)C(=O)NCCc1ccc(C(=O)O)cc1
CHEMBL332245.pdb,COc1ccc(C(O)C(=O)NC(CC(C)C)C(=O)NC(CC(F)F)C(=O)C(=O)O)cc1
CHEMBL334570.pdb,CCC(C=O)NC(=O)C1CC(Oc2ccc3ccccc3c2)CN1C(=O)C(NC(=O)C(NC(=O)c1cnccn1)C(C)C)C(C)C
CHEMBL334814.pdb,CCC(C=O)NC(=O)C1CC(OCc2cccc3ccccc23)CN1C(=O)C(NC(=O)C(NC(=O)c1cnccn1)C(C)C)C(C)C
CHEMBL335709.pdb,CCC(C=O)NC(=O)C1CC(OC(=O)Nc2ccccc2C(=O)OC)CN1C(=O)C(NC(=O)C(NC(=O)c1cnccn1)C(C)C)C(C)C
CHEMBL335769.pdb,CCC(C=O)NC(=O)C1CC(OCc2ccc3ccccc3c2)CN1C(=O)C(NC(=O)C(NC(=O)c1cnccn1)C(C)C)C(C)C
CHEMBL338447.pdb,CCC(C=O)NC(=O)C1CC(OCc2ccccc2)CN1C(=O)C(NC(=O)C(NC(=O)c1cnccn1)C(C)C)C(C)C
CHEMBL339012.pdb,CC(C)C(NC(=O)c1cnccn1)C(=O)NC(C(=O)N1CC(OCc2ccccc2)CC1C(=O)NC(C=O)CC(F)(F)F)C(C)C
CHEMBL339075.pdb,CCC(C=O)NC(=O)C1CC(Oc2cccc3ccccc23)CN1C(=O)C(NC(=O)C(NC(=O)c1cnccn1)C(C)C)C(C)C
CHEMBL339495.pdb,CCC(C=O)NC(=O)C1CC(OC(=O)c2ccccc2)CN1C(=O)C(NC(=O)C(NC(=O)c1cnccn1)C(C)C)C(C)C
CHEMBL340774.pdb,CCC(C=O)NC(=O)C1CC(OC(=O)Nc2cc(OC)ccc2OC)CN1C(=O)C(NC(=O)C(NC(=O)c1cnccn1)C(C)C)C(C)C
CHEMBL340890.pdb,CCC(C=O)NC(=O)C1CC(OC(=O)c2ccc3ccccc3c2)CN1C(=O)C(NC(=O)C(NC(=O)c1cnccn1)C(C)C)C(C)C
CHEMBL348944.pdb,CCC(C)C(NC(=O)OCc1ccc(C(=O)O)cc1)C(=O)NC(CC(C)C)C(=O)NC(CC(F)F)C(=O)C(=O)O
CHEMBL349186.pdb,CC(=O)NC(CC(=O)O)C(=O)NC(CCC(=O)O)C(=O)NC(C(=O)NC(CCC(=O)O)C(=O)NC(CC1CCCCC1)C(=O)NC(CC(F)F)C(=O)C(=O)O)C(c1ccccc1)c1ccccc1
CHEMBL350080.pdb,CC(=O)NC(CC(=O)O)C(=O)NC(CCC(=O)O)C(=O)NC(C(=O)NC(CCC(=O)O)C(=O)NC(CC1CCCCC1)C(=O)NC(CC(F)F)C(=O)O)C(c1ccccc1)c1ccccc1
CHEMBL350593.pdb,CCC(C)C(NC(=O)OCc1ccccc1)C(=O)NC(C(=O)NC(CC(F)F)C(=O)C(=O)O)C(C)C
CHEMBL351439.pdb,CCC(C)C(NC(=O)OCc1ccccc1)C(=O)NC(CC1CCCCC1)C(=O)NC(CC(F)F)C(=O)C(=O)O
CHEMBL352277.pdb,CC(C)CC(NC(=O)C(NC(=O)OC(C)(C)C)C(C)C)C(=O)NC(CC(F)F)C(=O)C(=O)O
CHEMBL352900.pdb,CC(C)CC(NC(=O)C(C)NC(=O)OC(C)(C)C)C(=O)NC(CC(F)F)C(=O)C(=O)O
CHEMBL353315.pdb,CCCC(NC(=O)C1C(CCC)CCN1C(=O)C(NC(=O)C(NC(=O)c1cnccn1)C(C)C)C(C)C)C(=O)C(=O)NC(Cc1ccccc1)C(=O)O
CHEMBL353559.pdb,CCCC(NC(=O)C1C(C(C)CC)CCN1C(=O)C(NC(=O)C(NC(=O)c1cnccn1)C(C)C)C(C)C)C(=O)C(=O)NC(Cc1ccccc1)C(=O)O
CHEMBL362404.pdb,CC(C)COC(=O)NC(C(=O)N1CC(c2ccccc2)CC1C(=O)NC(CC(F)F)C(=O)NCCc1cccc(OC(C(=O)O)c2ccccc2)c1)C(C)C
CHEMBL362405.pdb,CCC(Nc1cccc(CCNC(=O)C(CC(F)F)NC(=O)C2CC(C3CCCCC3)CN2C(=O)C(NC(=O)OCC(C)C)C(C)C)c1)C(=O)O
CHEMBL362406.pdb,CC(C)COC(=O)NC(C(=O)N1CC(C2CCCCC2)CC1C(=O)NC(CC(F)F)C(=O)NCCc1c(F)ccc(OCC(=O)O)c1F)C(C)C
CHEMBL364325.pdb,CC(C)COC(=O)NC(C(=O)N1CC(c2ccccc2)CC1C(=O)NC(CC(F)F)C(=O)NCCc1cccc(/C=C/C(=O)O)c1F)C(C)C
CHEMBL364800.pdb,CC(C)COC(=O)NC(C(=O)N1CC(C2CCCCC2)CC1C(=O)NC(CC(F)F)C(=O)NCCc1c(F)ccc(OC(C)C(=O)O)c1F)C(C)C
CHEMBL365220.pdb,CC(C)COC(=O)NC(C(=O)NC(CC(C)C)C(=O)NC(CC(F)F)C(=O)NCCc1c(F)cc(C(=O)O)cc1F)C(C)C
CHEMBL366124.pdb,COc1ccc2c(OC3CC(C(=O)NC(CC(F)F)C(=O)NCCc4c(F)cc(C(=O)O)cc4F)N(C(=O)C(NC(=O)OCC(C)C)C(C)C)C3)cc(-c3csc(NC(C)C)n3)nc2c1
CHEMBL366279.pdb,CC(C)COC(=O)NC(C(=O)N1CC(C2CCCCC2)CC1C(=O)NC(CC(F)F)C(=O)NCCc1c(F)cc(-c2nn[nH]n2)cc1F)C(C)C
CHEMBL366421.pdb,CCCC(NC(=O)C1C(C(C)C)CCN1C(=O)C(NC(=O)C(NC(O)c1cnccn1)C1CCCCC1)C(C)(C)C)C(=O)C(=O)NC1CC1
CHEMBL366646.pdb,CCCC(NC(=O)C1C(C2CCCCC2)CCN1C(=O)C(NC(=O)C(NC(O)c1cnccn1)C1CCCCC1)C(C)(C)C)C(=O)C(=O)NC1CC1
CHEMBL366858.pdb,CCCC(NC(=O)C1C(C(=O)OC)CCN1C(=O)C(NC(=O)C(NC(=O)c1cnccn1)C(C)C)C(C)C)C(=O)C(=O)NC(Cc1ccccc1)C(=O)O
CHEMBL368378.pdb,CCCC(NC(=O)C1CC(OC(=O)N2CCc3ccccc3C2)CN1C(=O)C(NC(=O)C(NC(=O)c1cnccn1)C(C)C)C(C)C)C(=O)C(=O)NC(Cc1ccccc1)C(=O)O
CHEMBL368846.pdb,CCCC(NC(=O)C1C(C(C)(C)C)CCN1C(=O)C(NC(=O)C(NC(O)c1cnccn1)C1CCCCC1)C(C)(C)C)C(=O)C(=O)NC1CC1
CHEMBL368849.pdb,CCCC(NC(=O)C1C(C(C)CC)CCN1C(=O)C(NC(=O)C(NC(O)c1cnccn1)C1CCCCC1)C(C)(C)C)C(=O)C(=O)NC1CC1
CHEMBL369413.pdb,CCCC(NC(=O)C1C(C(CC)CC)CCN1C(=O)C(NC(=O)C(NC(O)c1cnccn1)C1CCCCC1)C(C)(C)C)C(=O)C(=O)NC1CC1
CHEMBL375710.pdb,CC(C)(C)NC(=O)NC(C(=O)N1CC2C(C1C(=O)NC(CC1CCC1)C(=O)C(N)=O)C2(C)C)C(C)(C)C
CHEMBL376573.pdb,CC(C)(C)NC(=O)NC(C(=O)N1CC2C(C1C(=O)NC(C(=O)C(N)=O)C1CCCC1)C2(C)C)C(C)(C)C
CHEMBL376576.pdb,CC(C)(C)OC(=O)NC(C(=O)N1CC2C(C1C(=O)NC(CC1CC1)C(=O)C(N)=O)C2(C)C)C(C)(C)C
CHEMBL388372.pdb,CC(=O)NC(C(=O)NC(C(=O)N1CC2C(C1C(=O)NC(CC1CC1)C(=O)C(N)=O)C2(C)C)C1CCCCC1)C(C)C
CHEMBL388373.pdb,CC(=O)NC(C(=O)NC(C(=O)N1CC2C(C1C(=O)NC(CC1CCC1)C(=O)C(N)=O)C2(C)C)C(C)(C)C)C(C)C
CHEMBL389386.pdb,CC(C)(C)NC(=O)NC(C(=O)N1CC2C(C1C(=O)NC(CC1CCC1)C(=O)C(N)=O)C2(Cl)Cl)C(C)(C)C
CHEMBL390614.pdb,CC(C)(C)NC(=O)NC(C(=O)N1CC2C(C1C(=O)NC(CC1CC(F)(F)C1)C(=O)C(N)=O)C2(C)C)C(C)(C)C
CHEMBL390928.pdb,CC(C)(C)NC(=O)NC(C(=O)N1CC2C(C1C(=O)NC(CC1CC1)C(=O)C(N)=O)C2(C)C)C(C)(C)C
CHEMBL404815.pdb,COC(=O)C(=O)C(CC(F)F)NC(=O)C(CC1CCCCC1)NC(=O)C(CCC(=O)O)NC(=O)C(NC(=O)C(CCC(=O)O)NC(=O)C(CC(=O)O)NC(C)=O)C(c1ccccc1)c1ccccc1
CHEMBL405033.pdb,COc1cccc(CNC(=O)C(=O)C(CC(F)(F)F)NC(=O)C(CC(C)C)NC(=O)C(NC(=O)C(Cc2ccccc2C)NC(=O)C(CCC(=O)O)NC(=O)C(CC(=O)O)NC(=O)CCC(=O)O)C(C)(C)C)c1
CHEMBL405205.pdb,COc1ccc2c(OC3CC4C(=O)NC5(C(=O)O)CC5/C=C\CCCCCC(NC(=O)OC(C)(C)C)C(=O)N4C3)cc(-c3ccccc3)nc2c1
CHEMBL405304.pdb,CCC(NC(=O)C(=O)C(CC(F)(F)F)NC(=O)C(CC(C)C)NC(=O)C(NC(=O)C(Cc1ccccc1C)NC(=O)C(CCC(=O)O)NC(=O)C(CC(=O)O)NC(=O)CCC(=O)O)C(C)(C)C)c1ccccc1
CHEMBL406457.pdb,CC(=O)NC(CC(=O)O)C(=O)NC(CCC(=O)O)C(=O)NC(C(=O)NC(CCC(=O)O)C(=O)NC(CC1CCCCC1)C(=O)NC(CC(F)F)C(=O)C(=O)NCc1ccccc1)C(c1ccccc1)c1ccccc1
CHEMBL406600.pdb,C=CC1CC1(NC(=O)C1CC(Oc2cc(-c3ccccc3)nc3cc(OC)ccc23)CN1C(=O)N(NC(=O)OC(C)(C)C)C1CCCCC1)C(=O)O
CHEMBL407433.pdb,CCC(NC(=O)C1CC(OCc2ccccc2)CN1C(=O)C(NC(=O)C(NC(=O)c1cnccn1)C(C)C)C(C)C)C(=O)C(=O)NC(C)c1ccccc1
CHEMBL407674.pdb,CCC(C=O)NC(=O)C1CC(OCc2ccccc2)CN1C(=O)C(NC(=O)C(NC(=O)c1cnccn1)C(C)C)C(C)C
CHEMBL408494.pdb,CCCC(C=O)NC(=O)C1CC(OCc2ccccc2)CN1C(=O)C(NC(=O)C(NC(=O)c1cnccn1)C(C)C)C(C)C
CHEMBL409025.pdb,COc1ccc2c(OC3CC4C(=O)NC5(C(=O)O)CC5/C=C\CCCCCN(NC(=O)OC(C)(C)C)C(=O)N4C3)cc(-c3ccccc3)nc2c1
CHEMBL409677.pdb,CC(=O)NC(CC(=O)O)C(=O)NC(CCC(=O)O)C(=O)NC(C(=O)NC(CCC(=O)O)C(=O)NC(CC1CCCCC1)C(=O)NC(CC(F)F)C(=O)NCCc1ccccc1)C(c1ccccc1)c1ccccc1
CHEMBL412390.pdb,CC(C)OC(=O)NC(C(=O)N1CC2C(C1C(=O)NC(CC1CC1)C(=O)C(N)=O)C2(C)C)C1CCCCC1
CHEMBL412493.pdb,CCC(NC(=O)C(=O)C(CC(F)(F)F)NC(=O)C(CC(C)C)NC(=O)C(NC(=O)C(Cc1ccccc1C)NC(=O)C(CCC(=O)O)NC(=O)C(CC(=O)O)NC(=O)CCC(=O)O)C(C)(C)C)c1ccc2ccccc2c1
CHEMBL414922.pdb,Cc1ccccc1CC(NC(=O)C(CCC(=O)O)NC(=O)C(CC(=O)O)NC(=O)CCC(=O)O)C(=O)NC(C(=O)NC(CC(C)C)C(=O)NC(CC(F)(F)F)C(=O)C(=O)NC(C)c1ccccc1)C(C)(C)C
CHEMBL417559.pdb,CC(=O)NC(CC(=O)O)C(=O)NC(CCC(=O)O)C(=O)NC(C(=O)NC(CCC(=O)O)C(=O)NC(CC1CCCCC1)C(=O)NC(CS)C(=O)O)C(c1ccccc1)c1ccccc1
CHEMBL419551.pdb,Cn1c(C(F)(F)c2nc3cc(Cl)ccc3[nH]2)nc2ccc(C(=O)NC(CP(=O)(O)O)C(=O)O)cc21
CHEMBL419731.pdb,Cn1c(C(F)(F)c2nc3cc(C(N)=O)ccc3[nH]2)nc2ccc(C(=O)NC(CP(=O)(O)O)C(=O)O)cc21
CHEMBL419917.pdb,Cn1c(Cc2nc3cc(Cl)ccc3[nH]2)nc2ccc(C(=O)NC(CP(=O)(O)O)C(=O)O)cc21
CHEMBL420303.pdb,CC(C)CC(NC(=O)C(O)C1CCCCC1)C(=O)NC(CC(F)F)C(=O)C(=O)O
CHEMBL421233.pdb,CC(=O)NC(CC(=O)O)C(=O)NC(CCC(=O)O)C(=O)NC(C(=O)NC(CCC(=O)O)C(=O)NC(CC1CCCCC1)C(=O)NC(CC(F)F)C(=O)O)C(c1ccccc1)c1ccccc1
CHEMBL421708.pdb,Cn1c(Cc2nc3cc(C(N)=O)ccc3[nH]2)nc2ccc(C(=O)NC(CP(=O)(O)O)C(=O)O)cc21
CHEMBL423300.pdb,CCCC(NC(=O)C1CC(OC(=O)N2CCc3ccccc3C2)CN1C(=O)C(NC(=O)C(NC(=O)c1cnccn1)C(C)C)C(C)C)C(=O)C(=O)NC(C)C(=O)O
CHEMBL424775.pdb,C=CCC1CCN(C(=O)C(NC(=O)C(NC(=O)c2cnccn2)C(C)C)C(C)C)C1C(=O)NC(CCC)C(=O)C(=O)NC(Cc1ccccc1)C(=O)O
CHEMBL426196.pdb,CC(C)(C)NC(=O)NC(C(=O)N1CC2C(C1C(=O)NC(CC1CC1)C(=O)C(N)=O)C2(C)C)C1CCCCC1
CHEMBL427455.pdb,CC(C)(C)OC(=O)NC(C(=O)N1CC2C(C1C(=O)NC(CC1CCC1)C(=O)C(N)=O)C2(C)C)C1CCCCC1
CHEMBL427489.pdb,CCCC(NC(=O)C1C(C2CCCC2)CCN1C(=O)C(NC(=O)C(NC(O)c1cnccn1)C1CCCCC1)C(C)(C)C)C(=O)C(=O)NC1CC1
CHEMBL427986.pdb,Cc1ccccc1CC(NC(=O)C(CCC(=O)O)NC(=O)C(CC(=O)O)NC(=O)CCC(=O)O)C(=O)NC(C(=O)NC(CC(C)C)C(=O)NC(CC(F)(F)F)C(=O)C(=O)NC(C)c1ccc2ccccc2c1)C(C)(C)C
CHEMBL432615.pdb,O=C(NC(CP(=O)(O)O)C(=O)O)c1ccc2nc(Cc3nc4ccccc4[nH]3)n(CC3CC3)c2c1
CHEMBL433693.pdb,C=CCC(NC(=O)C(CC1CCCCC1)NC(=O)C(CCC(=O)O)NC(=O)C(NC(=O)C(CCC(=O)O)NC(=O)C(CC(=O)O)NC(C)=O)C(c1ccccc1)c1ccccc1)C(=O)O
CHEMBL434033.pdb,CCC(C=O)NC(=O)C1CC(OC(=O)c2ccc3ccccc3c2)CN1C(=O)C(NC(=O)C(NC(=O)CCCCC(=O)O)C(C)C)C(C)C
CHEMBL434083.pdb,CC(=O)NC(C(=O)C(CCC(=O)O)NC(CC1CCCCC1)C(=O)NC(CC(F)F)C(=O)C(=O)O)C(c1ccccc1)c1ccccc1
CHEMBL434301.pdb,CCCC(NC(=O)C1C(Cc2ccccc2)CCN1C(=O)C(NC(=O)C(NC(O)c1cnccn1)C1CCCCC1)C(C)(C)C)C(=O)C(=O)NC1CC1
CHEMBL435498.pdb,CC(C)COC(=O)NC(C(=O)N1CC(c2ccccc2)CC1C(=O)NC(CC(F)F)C(=O)NCCc1cc(/C=C/C(=O)O)ccc1F)C(C)C
CHEMBL435648.pdb,CC(C)CC(NC(=O)C(CCC(N)=O)NC(=O)OC(C)(C)C)C(=O)NC(CC(F)F)C(=O)C(=O)O
CHEMBL439014.pdb,CC(C)(C)OC(=O)NC(C(=O)N1CC2OC(C)(C)C2C1C(=O)NC(CC1CCC1)C(=O)C(N)=O)C1CCCCC1
CHEMBL444014.pdb,Cn1c(C(F)(F)c2nc3cc(F)ccc3[nH]2)nc2ccc(C(=O)NC(CP(=O)(O)O)C(=O)O)cc21
CHEMBL444346.pdb,CCC(C)C(NC(=O)OCc1ccccc1)C(=O)NC(CC(C)C)C(=O)NC(CC(F)F)C(=O)C(=O)O
CHEMBL444708.pdb,COc1ccc2c(OC3CC4C(=O)NC5(C(=O)NS(=O)(=O)C6CC6)CC5/C=C\CCCCCNC(=O)N4C3)cc(-c3nc(C(C)C)cs3)nc2c1Cl
CHEMBL446617.pdb,CCC(C=O)NC(=O)C1CC(OC(=O)Nc2cccc3ccccc23)CN1C(=O)C(NC(=O)C(NC(=O)c1cnccn1)C(C)C)C(C)C
CHEMBL449844.pdb,COc1ccc2c(OC3CC4C(=O)NC5(C(=O)NS(=O)(=O)C6CC6)CC5/C=C\CCCCOC(=O)N4C3)cc(-c3ccccc3)nc2c1
CHEMBL489267.pdb,COc1ccc2c(OC3CC4C(=O)NC5(C(=O)NS(=O)(=O)C6(C)CC6)CC5/C=C\CCCCCNC(=O)N4C3)cc(-c3nc(C(C)C)cs3)nc2c1Cl
CHEMBL502719.pdb,COc1ccc2c(OC3CC4C(=O)NC5(C(=O)NS(=O)(=O)C6CC6)CC5/C=C\CCCCN(C)C(=O)C4C3)cc(-c3nc(C(C)C)cs3)nc2c1Cl
CHEMBL503785.pdb,COc1ccc2c(OC3CC4C(=O)NC5(C(=O)NS(=O)(=O)C6CC6)CC5/C=C\CCCCCOC(=O)N4C3)cc(-c3ccccc3)nc2c1
CHEMBL599872.pdb,C=CC1CC1(NC(=O)C1CC2CN1C(=O)C(C(C)(C)C)NC(=O)OCC(C)(C)CCCCc1cccc3c1CN(C3)C(=O)O2)C(=O)NS(=O)(=O)C1CC1
CHEMBL607290.pdb,CC(C)COC(=O)NC(C(=O)N1CC(OCc2ccccc2)CC1C(=O)NC(CC(F)F)C(=O)NCCc1c(F)cc(C(=O)O)cc1F)C(C)C
CHEMBL607291.pdb,CC(C)COC(=O)NC(C(=O)N1CC(c2ccccc2)CC1C(=O)NC(CC(F)F)C(=O)NCCc1c(F)cc(C(=O)O)cc1F)C(C)C
CHEMBL607292.pdb,CC(C)COC(=O)NC(C(=O)N1CC(C2CCCCC2)CC1C(=O)NC(CC(F)F)C(=O)NCCc1c(F)cc(C(=O)O)cc1F)C(C)C
CHEMBL1170408.pdb,C=CCCCS(=O)(=O)NC(=O)C(CCC)NC(=O)C(NC(=O)C(NC(=O)OC(C)(C)C)C(C)(C)C)c1ccc(Oc2cc(-c3ccccc3)nc3cc(OC)ccc23)c(C=C)c1
CHEMBL1170421.pdb,C=CCCCS(=O)(=O)NC(=O)C(CCC)NC(=O)C1CC(Oc2cc(-c3ccccc3)nc3cc(OC)ccc23)CN1C(=O)C(NC(=O)OC(C)(C)C)C(C)(C)C
CHEMBL1779109.pdb,C=CC1CC1(NC(=O)C1CC(Oc2cc(-c3csc(NC(C)C)n3)nc3cc(OC)ccc23)CN1C(=O)C(NC(=O)OC1CCCC1)C(C)(C)C)P(C)(=O)O
CHEMBL1790303.pdb,CCC(C)C(NC(=O)C(CC(=O)O)NC(=O)C(N)CC(=O)O)C(=O)NC(C(=O)N1CCCC1C(=O)NC(CS)C(=O)O)C(C)C
CHEMBL2013171.pdb,CCC1CC1(NC(=O)C1CC(Oc2cc(-c3csc(NC(C)C)n3)nc3c(Cl)c(OC)ccc23)CN1C(=O)C(NC(=O)OC1CC2CC2C1)C(C)(C)C)C(=O)O
CHEMBL2013172.pdb,CCC1CC1(NC(=O)C1CC(Oc2cc(-c3csc(NC(C)C)n3)nc3c(Cl)c(OC)ccc23)CN1C(=O)C(NC(=O)OC1CC2C(C1)C2(F)F)C(C)(C)C)C(=O)O
CHEMBL2013173.pdb,CCC1CC1(NC(=O)C1CC(Oc2cc(-c3csc(NC(C)C)n3)nc3c(Cl)c(OC)ccc23)CN1C(=O)C(NC(=O)OC1CC2C(C1)C2(F)F)C(C)(C)C)C(=O)O
CHEMBL2013175.pdb,CCC1CC1(NC(=O)C1CC(Oc2cc(-c3csc(NC(C)C)n3)nc3c(Cl)c(OCCN4CCOCC4(C)C)ccc23)CN1C(=O)C(NC(=O)OC1CC2CC2C1)C(C)(C)C)C(=O)O
CHEMBL2013176.pdb,CCC1CC1(NC(=O)C1CC(Oc2cc(-c3csc(NC(C)C)n3)nc3c(Cl)c(OCCN4CCC(OC)C4)ccc23)CN1C(=O)C(NC(=O)OC1CC2CC2C1)C(C)(C)C)C(=O)O
CHEMBL2013177.pdb,CCC1CC1(NC(=O)C1CC(Oc2cc(-c3csc(NC(C)C)n3)nc3c(Cl)c(OCCN4CCCCC4)ccc23)CN1C(=O)C(NC(=O)OC1CC2CC2C1)C(C)(C)C)C(=O)O
CHEMBL2370171.pdb,CCCC(NC(=O)C1CCCN1C(=O)C(NC(=O)C(NC(=O)C(CC(=O)O)NC(=O)C(CC(=O)O)NC(C)=O)C(C)CC)C(C)C)C(=O)OCc1ccccc1
CHEMBL2370174.pdb,CCCC(NC(=O)C1CCCN1C(=O)C(NC(=O)C(NC(=O)C(CC(=O)O)NC(=O)C(CC(=O)O)NC(C)=O)C(C)CC)C(C)C)C(=O)OC
CHEMBL2370179.pdb,CCCC(NC(=O)C1CCCN1C(=O)C(NC(=O)C(NC(=O)C(CC(=O)O)NC(=O)C(CC(=O)O)NC(C)=O)C(C)CC)C(C)C)C(=O)C(=O)NCc1ccccc1
CHEMBL2370184.pdb,CCCC(NC(=O)C1CCCN1C(=O)C(NC(=O)C(NC(=O)C(CC(=O)O)NC(=O)C(CC(=O)O)NC(C)=O)C(C)CC)C(C)C)C(=O)C(=O)NCc1ccccc1
CHEMBL2370192.pdb,CCCC(NC(=O)C1CCCN1C(=O)C(NC(=O)C(NC(=O)C(CC(=O)O)NC(=O)C(CC(=O)O)NC(C)=O)C(C)CC)C(C)C)C(=O)C(F)(F)C(F)(F)F
CHEMBL2370193.pdb,CCCC(C=O)NC(=O)C1CCCN1C(=O)C(NC(=O)C(NC(=O)C(CC(=O)O)NC(=O)C(CC(=O)O)NC(C)=O)C(C)CC)C(C)C
CHEMBL2370196.pdb,CCCC(C=O)NC(=O)C1CCCN1C(=O)C(NC(=O)C(NC(=O)C(CC(=O)O)NC(=O)C(CC(=O)O)NC(C)=O)C(C)CC)C(C)C
CHEMBL2370476.pdb,CCC(C)C(NC(=O)C(CC(=O)O)NC(=O)C(CC(=O)O)NC(C)=O)C(=O)NC(C(=O)N1CCCC1C(=O)NC(CS)C(=O)O)C(C)C
CHEMBL2371297.pdb,CCC(NC(=O)C(NC(=O)OCc1ccccc1)C(C)CC)C(=O)NC(CC(F)F)C(=O)C(=O)O
CHEMBL2371298.pdb,CCC(C)C(NC(C)=O)C(=O)NC(CC(C)C)C(=O)NC(CC(F)F)C(=O)C(=O)O
CHEMBL2371300.pdb,CCC(C)C(NC(=O)OC(C)(C)C)C(=O)NC(CC(C)C)C(=O)NC(CC(F)F)C(=O)C(=O)O
CHEMBL2371316.pdb,CCC(C)C(NC(=O)OCc1ccccc1)C(=O)NC(C)C(=O)NC(CC(F)F)C(=O)C(=O)O
CHEMBL2371679.pdb,CCCC(NC(=O)C1CCCN1C(=O)C(NC(=O)C(NC(=O)c1cnccn1)C1CCCCC1)C(C)(C)C)C(=O)C(=O)NC1CC1
CHEMBL3125046.pdb,C=CCCCS(=O)(=O)NC(=O)c1ccccc1NC(=O)C(NC(=O)C(NC(=O)OC(C)(C)C)C(C)(C)C)c1ccc(Oc2cc(OC)nc(-c3ccccc3)n2)c(C=C)c1
CHEMBL3125047.pdb,C=CCCCS(=O)(=O)NC(=O)c1ccccc1NC(=O)C(NC(=O)C(NC(=O)OC(C)(C)C)C(C)(C)C)c1ccc(Oc2cc(OC)nc(-c3ccccc3)n2)c(C=C)c1
CHEMBL3125171.pdb,C=CCCCS(=O)(=O)NC(=O)c1ccccc1NC(=O)C(NC(=O)OC(C)(C)C)c1ccc(Oc2cc(OC)nc(-c3ccccc3)n2)c(C=C)c1
CHEMBL3143829.pdb,CC(C)(C)NC(=O)NC(C(=O)N1CCCC1C(=O)NC(CC1CCC1)C(=O)C(N)=O)C(C)(C)C
CHEMBL3326536.pdb,COc1ccc2c(OCC3CC4C(=O)NC5(C(=O)NS(=O)(=O)C6CC6)CC5/C=C\CCCCN(C)C(=O)N34)cc(-c3ccccc3)nc2c1
CHEMBL3326537.pdb,COc1ccc2c(OCC3CC4C(=O)NC5(C(=O)NS(=O)(=O)C6CC6)CC5/C=C\CCCCN(C)C(=O)N34)cc(-c3ccccc3)nc2c1
CHEMBL3326538.pdb,COc1ccc2c(OCC3CC4C(=O)N(C)CCCC/C=C\C5CC5(C(=O)NS(=O)(=O)C5CC5)NC(=O)N34)cc(-c3ccccc3)nc2c1
CHEMBL3326540.pdb,COc1ccc2c(OCC3CC4C(=O)N(C)CCCC/C=C\C5CC5(C(=O)NS(=O)(=O)C5(C)CC5)NC(=O)N34)cc(-c3nc(C(C)C)cs3)nc2c1F
CHEMBL3326826.pdb,COc1ccc2c(OCC3CC4C(=O)N(C)CCCC/C=C\C5CC5(C(=O)NS(=O)(=O)C5(C)CC5)NC(=O)N34)cc(-c3nc(C(C)C)cs3)nc2c1
CHEMBL3326827.pdb,COc1ccc2c(OCC3CC4C(=O)N(C)CCCC/C=C\C5CC5(C(=O)NS(=O)(=O)C5CC5)NC(=O)N34)cc(-c3nc(C(C)C)cs3)nc2c1C
CHEMBL3326828.pdb,COc1ccc2c(OCC3CC4C(=O)N(C)CCCC/C=C\C5CC5(C(=O)NS(=O)(=O)C5CC5)NC(=O)N34)cc(-c3nc(C(C)C)cs3)nc2c1Cl
CHEMBL3326829.pdb,COc1ccc2c(OCC3CC4C(=O)N(C)CCCC/C=C\C5CC5(C(=O)NS(=O)(=O)C5(C)CC5)NC(=O)N34)cc(-c3nc(C(C)C)cs3)nc2c1C
CHEMBL3326830.pdb,COc1ccc2c(OCC3CC4C(=O)N(C)CCCC/C=C\C5CC5(C(=O)NS(=O)(=O)C5(C)CC5)NC(=O)N34)cc(-c3nc(C(C)C)cs3)nc2c1Cl
CHEMBL3356701.pdb,CCCC(NC(=O)C1C2CCCC2CN1C(=O)C(NC(=O)C(NC(=O)c1cnccn1)C1CCCCC1)C(C)(C)C)C(=O)C(=O)NC1CC1
CHEMBL3356702.pdb,COc1ccc2c(Oc3ccc(C(NC(=O)C(NC(=O)OC(C)(C)C)C(C)(C)C)C(=O)Nc4ccccc4C(=O)NS(=O)(=O)c4ccccc4)cc3)cc(-c3ccccc3)nc2c1
CHEMBL3356703.pdb,C=CCCCS(=O)(=O)NC(=O)c1ccccc1NC(=O)C(NC(=O)OC(C)(C)C)c1ccc(Oc2cc(C=C)nc(-c3ccccc3)n2)cc1
CHEMBL3356704.pdb,C=CCCCS(=O)(=O)NC(=O)c1ccccc1NC(=O)C(NC(=O)OC(C)(C)C)c1ccc(Oc2cc(OC)nc(-c3ccccc3)n2)cc1
CHEMBL3356705.pdb,C=CCCS(=O)(=O)NC(=O)c1ccccc1NC(=O)C(NC(=O)OC(C)(C)C)c1ccc(Oc2cc(OC)nc(-c3ccccc3)n2)c(C=C)c1
CHEMBL3356706.pdb,C=CCCCS(=O)(=O)NC(=O)c1ccccc1NC(=O)C(NC(=O)C(NC(=O)OCCC=C)C(C)(C)C)c1ccc(Oc2cc(C=C)nc(-c3ccccc3)n2)cc1
CHEMBL3356707.pdb,C=CCCCCCC(NC(=O)OC(C)(C)C)C(=O)NC(C(=O)Nc1ccccc1C(=O)NS(=O)(=O)CCCC=C)c1ccc(Oc2cc(OC)nc(-c3ccccc3)n2)cc1
CHEMBL3356708.pdb,C=CCCCS(=O)(=O)NC(=O)c1ccccc1NC(=O)C(NC(=O)C(NC(=O)OC(C)(C)C)C(C)(C)C)c1ccc(Oc2cc(OC)nc(-c3ccccc3)n2)cc1
CHEMBL3356709.pdb,C=CCCCS(=O)(=O)NC(=O)C(CCC)NC(=O)C(NC(=O)C(NC(=O)OCCC=C)C(C)(C)C)c1ccc(Oc2cc(OC)nc(-c3ccccc3)n2)c(C=C)c1
CHEMBL3356710.pdb,CCCC1NC(=O)C(NC(=O)C(NC(=O)OC(C)(C)C)C(C)(C)C)c2ccc(cc2)Oc2cc(nc(-c3ccccc3)n2)/C=C\CCCS(=O)(=O)NC1=O
CHEMBL3356711.pdb,CC(C)(C)OC(=O)NC(C(=O)NC1C(=O)Nc2ccccc2C(=O)NS(=O)(=O)CCC/C=C\c2cc(nc(-c3ccccc3)n2)Oc2ccc1cc2)C(C)(C)C
CHEMBL3356712.pdb,COc1cc(Oc2ccc3cc2/C=C\CCS(=O)(=O)NC(=O)c2ccccc2NC(=O)C3NC(=O)OC(C)(C)C)nc(-c2ccccc2)n1
CHEMBL3356713.pdb,COc1cc(Oc2ccc3cc2/C=C\CCS(=O)(=O)NC(=O)c2ccccc2NC(=O)C3NC(=O)C(NC(=O)OC(C)(C)C)C(C)(C)C)nc(-c2ccccc2)n1
CHEMBL3356714.pdb,COc1cc(Oc2ccc(C3NC(=O)C(NC(=O)OC(C)(C)C)CCCCC/C=C\CCCS(=O)(=O)NC(=O)c4ccccc4NC3=O)cc2)nc(-c2ccccc2)n1
CHEMBL3356715.pdb,COc1cc(Oc2ccc(C3NC(=O)C(NC(=O)OC(C)(C)C)CCCCC/C=C\CCS(=O)(=O)NC(=O)c4ccccc4NC3=O)cc2)nc(-c2ccccc2)n1
CHEMBL3356716.pdb,COc1cc(Oc2ccc(C3NC(=O)C(NC(=O)OC(C)(C)C)CCCCCCCCCCS(=O)(=O)NC(=O)c4ccccc4NC3=O)cc2)nc(-c2ccccc2)n1
CHEMBL3356717.pdb,COc1cc(Oc2ccc(C3NC(=O)C(NC(=O)OC(C)(C)C)CCCCCCCCCS(=O)(=O)NC(=O)c4ccccc4NC3=O)cc2)nc(-c2ccccc2)n1
CHEMBL3356718.pdb,C=CCCCS(=O)(=O)NC(=O)c1ccccc1NC(=O)C1NC(=O)C(C(C)(C)C)NC(=O)OCC/C=C\c2cc(nc(-c3ccccc3)n2)Oc2ccc1cc2
CHEMBL3356719.pdb,C=CCCCS(=O)(=O)NC(=O)C(CCC)NC(=O)C1NC(=O)C(C(C)(C)C)NC(=O)OCC/C=C\c2cc(nc(-c3ccccc3)n2)Oc2ccc1cc2
CHEMBL3639445.pdb,C=CC1CC1(NC(=O)C1CC2(CN1C(=O)C(NC(=O)C(NC(=O)C1CCCN1C(=O)OCCF)C1CCCCC1)C1CCOCC1)C(C)(C)C21CCC1)C(=O)NS(=O)(=O)N1CCCC1
CHEMBL3639446.pdb,C=CC1CC1(NC(=O)C1CC2(CN1C(=O)C(NC(=O)C(NC(=O)c1ccccc1NC)C1CCCCC1)C(C)(C)C)C(C)(C)C21CCC1)C(=O)NS(=O)(=O)N1CCCC1
CHEMBL3645575.pdb,C=CC1CC1(NC(=O)C1CC2(CN1C(=O)C(NC(=O)OC(C)(C)C)C(C)(C)C)C(C)(C)C21CCC1)C(=O)NS(=O)(=O)N1CCCC1
CHEMBL3645576.pdb,C=CC1CC1(NC(=O)C1CC2(CN1C(=O)C(NC(=O)C(NC(=O)OC(C)(C)C)C(C)(C)C)C(C)(C)C)C(C)(C)C21CCC1)C(=O)NS(=O)(=O)N1CCCC1
CHEMBL3645577.pdb,C=CC1CC1(NC(=O)C1CC2(CN1C(=O)C(NC(=O)C(NC(=O)C1CCCCN1C(C)C)C(C)(C)C)C(C)(C)C)C(C)(C)C21CCC1)C(=O)NS(=O)(=O)N1CCCC1
CHEMBL3645578.pdb,C=CC1CC1(NC(=O)C1CC2(CN1C(=O)C(NC(=O)C(NC(=O)C1CCCN(CC)C1)C(C)(C)C)C(C)(C)C)C(C)(C)C21CCC1)C(=O)NS(=O)(=O)N1CCCC1
CHEMBL3645579.pdb,C=CC1CC1(NC(=O)C1CC2(CN1C(=O)C(NC(=O)C(NC(=O)OC(C)(C)C)C(C)(C)C)C(C)(C)C)C(C)(C)C21CCC1)C(=O)NS(=O)(=O)N1CCOCC1
CHEMBL3645580.pdb,C=CC1CC1(NC(=O)C1CC2(CN1C(=O)C(NC(=O)C(NC(=O)C1CCCCN1C(C)C)C(C)(C)C)C(C)(C)C)C(C)(C)C21CCC1)C(=O)NS(=O)(=O)N1CCOCC1
CHEMBL3645581.pdb,C=CC1CC1(NC(=O)C1CC2(CN1C(=O)C(NC(=O)C(NC(=O)C1CCCN(CC)C1)C(C)(C)C)C(C)(C)C)C(C)(C)C21CCC1)C(=O)NS(=O)(=O)N1CCOCC1
CHEMBL3645582.pdb,C=CC1CC1(NC(=O)C1CC2(CN1C(=O)C(NC(=O)C(NC(=O)C1CCCCN1CCF)C(C)(C)C)C(C)(C)C)C(C)(C)C21CCC1)C(=O)NS(=O)(=O)N1CCOCC1
CHEMBL3645583.pdb,C=CC1CC1(NC(=O)C1CC2(CN1C(=O)C(NC(=O)C(N1CCCC1=O)C(C)(C)C)C(C)(C)C)C(C)(C)C21CCC1)C(=O)NS(=O)(=O)N1CCCC1
CHEMBL3645584.pdb,C=CC1CC1(NC(=O)C1CC2(CN1C(=O)C(NC(=O)C(NC(=O)C(C)(C)N1CCCC1)C(C)(C)C)C(C)(C)C)C(C)(C)C21CCC1)C(=O)NS(=O)(=O)N1CCCC1
CHEMBL3645585.pdb,C=CC1CC1(NC(=O)C1CC2(CN1C(=O)C(NC(=O)C(NC(=O)C1CCCN1C(C)C)C(C)(C)C)C(C)(C)C)C(C)(C)C21CCC1)C(=O)NS(=O)(=O)N1CCCC1
CHEMBL3645586.pdb,C=CC1CC1(NC(=O)C1CC2(CN1C(=O)C(NC(=O)C(NC(=O)C1CCN1C(C)C)C(C)(C)C)C(C)(C)C)C(C)(C)C21CCC1)C(=O)NS(=O)(=O)N1CCCC1
CHEMBL3645587.pdb,C=CC1CC1(NC(=O)C1CC2(CN1C(=O)C(NC(=O)C(NC(=O)C1CCCCN1C(C)C)C1CCCCC1)C(C)(C)C)C(C)(C)C21CCC1)C(=O)NS(=O)(=O)N1CCCC1
CHEMBL3645588.pdb,C=CC1CC1(NC(=O)C1CC2(CN1C(=O)C(NC(=O)C(NC(=O)C(C)(C)N1CCCC1)C1CCCCC1)C(C)(C)C)C(C)(C)C21CCC1)C(=O)NS(=O)(=O)N1CCCC1
CHEMBL3645589.pdb,C=CC1CC1(NC(=O)C1CC2(CN1C(=O)C(NC(=O)C(NC(=O)C1CCCN1C(C)C)C1CCCCC1)C(C)(C)C)C(C)(C)C21CCC1)C(=O)NS(=O)(=O)N1CCCC1
CHEMBL3645590.pdb,C=CC1CC1(NC(=O)C1CC2(CN1C(=O)C(NC(=O)C(NC(=O)C1CCCN1C(C)C)C1CCCCC1)C(C)(C)C)C(C)(C)C21CCC1)C(=O)NS(=O)(=O)N1CCCC1
CHEMBL3645591.pdb,C=CC1CC1(NC(=O)C1CC2(CN1C(=O)C(NC(=O)C(NC(=O)C1CCN1C(C)C)C1CCCCC1)C(C)(C)C)C(C)(C)C21CCC1)C(=O)NS(=O)(=O)N1CCCC1
CHEMBL3645592.pdb,C=CC1CC1(NC(=O)C1CC2(CN1C(=O)C(NC(=O)C(NC(=O)C1CCN1C(C)C)C1CCCCC1)C(C)(C)C)C(C)(C)C21CCC1)C(=O)NS(=O)(=O)N1CCCC1
CHEMBL3645593.pdb,C=CC1CC1(NC(=O)C1CC2(CN1C(=O)C(NC(=O)C(NC(=O)C1CN(C(C)C)C1)C1CCCCC1)C(C)(C)C)C(C)(C)C21CCC1)C(=O)NS(=O)(=O)N1CCCC1
CHEMBL3645594.pdb,C=CC1CC1(NC(=O)C1CC2(CN1C(=O)C(NC(=O)C(NC(=O)C1CCCCN1CCF)C(C)(C)C)C(C)(C)C)C(C)(C)C21CCC1)C(=O)NS(=O)(=O)N1CCCC1
CHEMBL3645595.pdb,C=CC1CC1(NC(=O)C1CC2(CN1C(=O)C(NC(=O)C(NC(=O)C1CCCN1C(C)C)C(C)(C)C)C(C)(C)C)C(C)(C)C21CCC1)C(=O)NS(=O)(=O)N1CCCC1
CHEMBL3645596.pdb,C=CC1CC1(NC(=O)C1CC2(CN1C(=O)C(NC(=O)C(NC(=O)C1CCN1C(C)C)C(C)(C)C)C(C)(C)C)C(C)(C)C21CCC1)C(=O)NS(=O)(=O)N1CCCC1
CHEMBL3645597.pdb,C=CC1CC1(NC(=O)C1CC2(CN1C(=O)C(NC(=O)C(NC(=O)C1CN(C(C)C)C1)C(C)(C)C)C(C)(C)C)C(C)(C)C21CCC1)C(=O)NS(=O)(=O)N1CCCC1
CHEMBL3645598.pdb,C=CC1CC1(NC(=O)C1CC2(CN1C(=O)C(NC(=O)C(NC(=O)C(C)(C)N1CCCCC1)C(C)(C)C)C(C)(C)C)C(C)(C)C21CCC1)C(=O)NS(=O)(=O)N1CCCC1
CHEMBL3645599.pdb,C=CC1CC1(NC(=O)C1CC2(CN1C(=O)C(NC(=O)C(NC(=O)C(C)(C)N1CCCCC1)C1CCCCC1)C(C)(C)C)C(C)(C)C21CCC1)C(=O)NS(=O)(=O)N1CCCC1
CHEMBL3645600.pdb,C=CC1CC1(NC(=O)C1CC2(CN1C(=O)C(NC(=O)C(NC(=O)C1CCCCN1CCF)C1CCCCC1)C(C)(C)C)C(C)(C)C21CCC1)C(=O)NS(=O)(=O)N1CCCC1
CHEMBL3645601.pdb,C=CC1CC1(NC(=O)C1CC2(CN1C(=O)C(NC(=O)C(NC(=O)C1CCCN1C1CCCC1)C(C)(C)C)C(C)(C)C)C(C)(C)C21CCC1)C(=O)NS(=O)(=O)N1CCCC1
CHEMBL3645602.pdb,C=CC1CC1(NC(=O)C1CC2(CN1C(=O)C(NC(=O)C(NC(=O)C1CCCN1C1CCCC1)C1CCCCC1)C(C)(C)C)C(C)(C)C21CCC1)C(=O)NS(=O)(=O)N1CCCC1
CHEMBL3645603.pdb,C=CC1CC1(NC(=O)C1CC2(CN1C(=O)C(NC(=O)C(NC(=O)C1Cc3[nH]cnc3CN1)C(C)(C)C)C(C)(C)C)C(C)(C)C21CCC1)C(=O)NS(=O)(=O)N1CCCC1
CHEMBL3645604.pdb,CCC1CC1(NC(=O)C1CC2(CN1C(=O)C(NC(=O)C(NC(=O)C1CCCCN1C(C)C)C(C)(C)C)C(C)(C)C)C(C)(C)C21CCC1)C(=O)NS(=O)(=O)N1CCCC1
CHEMBL3645605.pdb,C=CC1CC1(NC(=O)C1CC2(CN1C(=O)C(NC(=O)C(NC(=O)C1CCCCN1C1CCCC1)C(C)(C)C)C(C)(C)C)C(C)(C)C21CCC1)C(=O)NS(=O)(=O)N1CCCC1
CHEMBL3645606.pdb,C=CC1CC1(NC(=O)C1CC2(CN1C(=O)C(NC(=O)C(NC(=O)C1CCCCN1C1CCCC1)C1CCCCC1)C(C)(C)C)C(C)(C)C21CCC1)C(=O)NS(=O)(=O)N1CCCC1
CHEMBL3645607.pdb,C=CC1CC1(NC(=O)C1CC2(CN1C(=O)C(NC(=O)C(NC(=O)C1CCCCN1CCOC)C1CCCCC1)C(C)(C)C)C(C)(C)C21CCC1)C(=O)NS(=O)(=O)N1CCCC1
CHEMBL3645608.pdb,CCC1CC1(NC(=O)C1CC2(CN1C(=O)C(NC(=O)C(NC(=O)C1CCCCN1C(C)C)C1CCCCC1)C(C)(C)C)C(C)(C)C21CCC1)C(=O)NS(=O)(=O)N1CCCC1
CHEMBL3645609.pdb,C=CC1CC1(NC(=O)C1CC2(CN1C(=O)C(NC(=O)C(NC(=O)C1CCCCN1C(C)C)C1CCCCC1)C1CCCCC1)C(C)(C)C21CCC1)C(=O)NS(=O)(=O)N1CCCC1
CHEMBL3645610.pdb,C=CC1CC1(NC(=O)C1CC2(CN1C(=O)C(NC(=O)C(NC(=O)C1CCCCN1CC)C1CCCCC1)C(C)(C)C)C(C)(C)C21CCC1)C(=O)NS(=O)(=O)N1CCCC1
CHEMBL3645611.pdb,C=CC1CC1(NC(=O)C1CC2(CN1C(=O)C(NC(=O)C(NC(=O)C1CCCCN1CC)C1CCCCC1)C(C)(C)C)C(C)(C)C21CCC1)C(=O)NS(=O)(=O)N1CCCC1
CHEMBL3645612.pdb,C=CC1CC1(NC(=O)C1CC2(CN1C(=O)C(NC(=O)C(NC(=O)C1CCCN1CC)C1CCCCC1)C(C)(C)C)C(C)(C)C21CCC1)C(=O)NS(=O)(=O)N1CCCC1
CHEMBL3645613.pdb,C=CC1CC1(NC(=O)C1CC2(CN1C(=O)C(NC(=O)C(NC(=O)C1CCCN1CC)C1CCCCC1)C(C)(C)C)C(C)(C)C21CCC1)C(=O)NS(=O)(=O)N1CCCC1
CHEMBL3645614.pdb,C=CC1CC1(NC(=O)C1CC2(CN1C(=O)C(NC(=O)C(NC(=O)C1CCN1C(C)(C)C)C1CCCCC1)C(C)(C)C)C(C)(C)C21CCC1)C(=O)NS(=O)(=O)N1CCCC1
CHEMBL3645615.pdb,C=CC1CC1(NC(=O)C1CC2(CN1C(=O)C(NC(=O)C(NC(=O)C1CCCCN1C(C)C)C1CCCCC1)C1CCOCC1)C(C)(C)C21CCC1)C(=O)NS(=O)(=O)N1CCCC1
CHEMBL3645616.pdb,C=CC1CC1(NC(=O)C1CC2(CN1C(=O)C(NC(=O)C(NC(=O)c1cnccn1)C1CCCCC1)C1CCOCC1)C(C)(C)C21CCC1)C(=O)NS(=O)(=O)N1CCCC1
CHEMBL3645617.pdb,C=CC1CC1(NC(=O)C1CC2(CN1C(=O)C(NC(=O)C(NC(=O)c1cnccn1)C1CCOCC1)C(C)(C)C)C(C)(C)C21CCC1)C(=O)NS(=O)(=O)N1CCCC1
CHEMBL3645618.pdb,C=CC1CC1(NC(=O)C1CC2(CN1C(=O)C(NC(=O)C(NC(=O)C1CCCCN1C(C)C)C1CCOCC1)C(C)(C)C)C(C)(C)C21CCC1)C(=O)NS(=O)(=O)N1CCCC1
CHEMBL3645619.pdb,C=CC1CC1(NC(=O)C1CC2(CN1C(=O)C(NC(=O)C(NC(=O)C1CCCCN1C(C)C)C1CCCCC1)C(C)(C)C)C(C)(C)C21CCC1)C(=O)NS(=O)(=O)N1CCC(F)C1
CHEMBL3645620.pdb,C=CC1CC1(NC(=O)C1CC2(CN1C(=O)C(NC(=O)C(NC(=O)C1CCCCN1C(C)C)C1CCCCC1)C(C)(C)C)C(C)(C)C21CCC1)C(=O)NS(=O)(=O)N1CCC(F)C1
CHEMBL3645621.pdb,C=CC1CC1(NC(=O)C1CC2(CN1C(=O)C(NC(=O)C(NC(=O)C1CCCCN1C(C)C)C1CCCCC1)C(C)(C)C)C(C)(C)C21CCC1)C(=O)NS(=O)(=O)N1CCCC1
CHEMBL3645622.pdb,C=CC1CC1(NC(=O)C1CC2(CN1C(=O)C(NC(=O)C(NC(=O)C1CCCCN1C)C1CCCCC1)C(C)(C)C)C(C)(C)C21CCC1)C(=O)NS(=O)(=O)N1CCCC1
CHEMBL3645623.pdb,C=CC1CC1(NC(=O)C1CC2(CN1C(=O)C(NC(=O)C(NC(=O)C1CCCCN1C(C)C)C1CCCCC1)C(C)(C)C)C(C)(C)C21CCC1)C(=O)NS(=O)(=O)N(C)C1CCC1
CHEMBL3645624.pdb,C=CC1CC1(NC(=O)C1CC2(CN1C(=O)C(NC(=O)C(NC(=O)C1CCCCN1C(C)C)C1CCCCC1)C(C)(C)C)C(C)(C)C21CCC1)C(=O)NS(=O)(=O)N(C)CC1CC1
CHEMBL3645625.pdb,C=CC1CC1(NC(=O)C1CC2(CN1C(=O)C(NC(=O)C(Nc1cccnc1)C(C)(C)C)C(C)(C)C)C(C)(C)C21CCC1)C(=O)NS(=O)(=O)N1CCCC1
CHEMBL3645626.pdb,C=CC1CC1(NC(=O)C1CC2(CN1C(=O)C(NC(=O)C(NC(=O)C1CCCCN1C(C)C)C1CCCCC1)C(C)(C)C)C(C)(C)C21CCC1)C(=O)NS(=O)(=O)N(C)c1ccccc1
CHEMBL3645627.pdb,C=CC1CC1(NC(=O)C1CC2(CN1C(=O)C(NC(=O)C(NC(=O)C1CCCCN1C(C)C)C1CCCCC1)C(C)(C)C)C(C)(C)C21CCC1)C(=O)NS(=O)(=O)N(C)C1CC1
CHEMBL3645628.pdb,C=CC1CC1(NC(=O)C1CC2(CN1C(=O)C(NC(=O)C(NC(=O)C1CCCCN1C(C)C)C1CCCCC1)C(C)(C)C)C(C)(C)C21CCC1)C(=O)NS(=O)(=O)N(CCOC)C1CC1
CHEMBL3645629.pdb,C=CC1CC1(NC(=O)C1CC2(CN1C(=O)C(NC(=O)C(NC(=O)C1CCCCN1C(C)C)C1CCCCC1)C(C)(C)C)C(C)(C)C21CCC1)C(=O)NS(=O)(=O)N(C)OC
CHEMBL3645630.pdb,C=CC1CC1(NC(=O)C1CC2(CN1C(=O)C(NC(=O)C(NC(=O)C1CCCCN1C(C)C)C1CCCCC1)C(C)(C)C)C(C)(C)C21CCC1)C(=O)NS(=O)(=O)N(C)CCOC
CHEMBL3645631.pdb,C=CC1CC1(NC(=O)C1CC2(CN1C(=O)C(NC(=O)C(NC(=O)C1CCCCN1C(C)C)C1CCCCC1)C(C)(C)C)C(C)(C)C21CCC1)C(=O)NS(=O)(=O)NC1CCC1
CHEMBL3645632.pdb,C=CC1CC1(NC(=O)C1CC2(CN1C(=O)C(NC(=O)C(NC(=O)C1CCCCN1C(C)C)C1CCCC1)C(C)(C)C)C(C)(C)C21CCC1)C(=O)NS(=O)(=O)N1CCCC1
CHEMBL3645633.pdb,C=CC1CC1(NC(=O)C1CC2(CN1C(=O)C(NC(=O)C(NC(=O)C1CCCN1C(C)C)C1CCCC1)C(C)(C)C)C(C)(C)C21CCC1)C(=O)NS(=O)(=O)N1CCCC1
CHEMBL3645634.pdb,C=CC1CC1(NC(=O)C1CC2(CN1C(=O)C(NC(=O)CC1(CC(N)=O)CCCCC1)C(C)(C)C)C(C)(C)C21CCC1)C(=O)NS(=O)(=O)N1CCCC1
CHEMBL3645635.pdb,C=CC1CC1(NC(=O)C1CC2(CN1C(=O)C(NC(=O)CC1(CC#N)CCCCC1)C(C)(C)C)C(C)(C)C21CCC1)C(=O)NS(=O)(=O)N1CCCC1
CHEMBL3645636.pdb,C=CC1CC1(NC(=O)C1CC2(CN1C(=O)C(NC(=O)C(NC(=O)C1CCCN1C(C)C)C1CCCCC1)C(C)(C)C)C(C)(C)C21CCC1)C(=O)NS(=O)(=O)N(CC)CC
CHEMBL3645637.pdb,C=CC1CC1(NC(=O)C1CC2(CN1C(=O)C(NC(=O)C(NC(=O)C1CCCN1CC)C1CCCCC1)C(C)(C)C)C(C)(C)C21CCC1)C(=O)NS(=O)(=O)N(CC)CC
CHEMBL3645638.pdb,C=CC1CC1(NC(=O)C1CC2(CN1C(=O)C(NC(=O)C(NC(=O)C1CCCCN1C1CCCC1)C1CCCCC1)C(C)(C)C)C(C)(C)C21CCC1)C(=O)NS(=O)(=O)N(CC)CC
CHEMBL3645639.pdb,C=CC1CC1(NC(=O)C1CC2(CN1C(=O)C(NC(=O)C(NC(=O)C1CCCCN1C(C)C)C1CCCCC1)C(C)(C)C)C(C)(C)C21CCC1)C(=O)NS(=O)(=O)N(CC)CC
CHEMBL3645640.pdb,C=CC1CC1(NC(=O)C1CC2(CN1C(=O)C(NC(=O)C(NC(=O)C1CCCCN1C(C)C)C1CCCCC1)C1CCCC1)C(C)(C)C21CCC1)C(=O)NS(=O)(=O)N1CCCC1
CHEMBL3645641.pdb,C=CC1CC1(NC(=O)C1CC2(CN1C(=O)C(NC(=O)C(NC(=O)C1CCCCN1C(C)C)C(C)(C)C)C1CCOCC1)C(C)(C)C21CCC1)C(=O)NS(=O)(=O)N1CCCC1
CHEMBL3645642.pdb,C=CC1CC1(NC(=O)C1CC2(CN1C(=O)C(NC(=O)c1cccc(C(=O)NCCC)c1)C(C)(C)C)C(C)(C)C21CCC1)C(=O)NS(=O)(=O)N1CCCC1
CHEMBL3645643.pdb,C=CC1CC1(NC(=O)C1CC2(CN1C(=O)C(NC(=O)C(NC(=O)c1cccc(N(C)C)n1)C1CCCCC1)C(C)(C)C)C(C)(C)C21CCC1)C(=O)NS(=O)(=O)N1CCCC1
CHEMBL3645644.pdb,C=CC1CC1(NC(=O)C1CC2(CN1C(=O)C(NC(=O)C(NC(=O)c1cccnc1N(C)C)C1CCCCC1)C(C)(C)C)C(C)(C)C21CCC1)C(=O)NS(=O)(=O)N1CCCC1
CHEMBL3645645.pdb,C=CC1CC1(NC(=O)C1CC2(CN1C(=O)C(NC(=O)C(NC(=O)C1CCCN1CC(F)(F)F)C1CCCCC1)C1CCOCC1)C(C)(C)C21CCC1)C(=O)NS(=O)(=O)N1CCCC1
CHEMBL3645646.pdb,C=CC1CC1(NC(=O)C1CC2(CN1C(=O)C(NC(=O)C(NC(=O)C1CCCN1CC(F)F)C1CCCCC1)C1CCOCC1)C(C)(C)C21CCC1)C(=O)NS(=O)(=O)N1CCCC1
CHEMBL3645647.pdb,C=CC1CC1(NC(=O)C1CC2(CN1C(=O)C(NC(=O)C(NC(=O)C1CCCN1CCF)C1CCCCC1)C1CCOCC1)C(C)(C)C21CCC1)C(=O)NS(=O)(=O)N1CCCC1
CHEMBL3645648.pdb,C=CC1CC1(NC(=O)C1CC2(CN1C(=O)C(NC(=O)C(NC(=O)C1CCCCN1CC(F)F)C1CCCCC1)C1CCOCC1)C(C)(C)C21CCC1)C(=O)NS(=O)(=O)N1CCCC1
CHEMBL3645649.pdb,C=CC1CC1(NC(=O)C1CC2(CN1C(=O)C(NC(=O)C(NC(=O)C1CCCCN1CCF)C1CCCCC1)C1CCOCC1)C(C)(C)C21CCC1)C(=O)NS(=O)(=O)N1CCCC1
CHEMBL3645650.pdb,C=CC1CC1(NC(=O)C1CC2(CN1C(=O)C(NC(=O)C(NC(=O)C1CCCCN1CC)C1CCCCC1)C(C)(C)C)C(C)(C)C21CCC1)C(=O)NS(=O)(=O)N(CC)CC
CHEMBL3645651.pdb,C=CC1CC1(NC(=O)C1CC2(CN1C(=O)C(NC(=O)C1CCCNC1=O)C(C)(C)C)C(C)(C)C21CCC1)C(=O)NS(=O)(=O)N1CCCC1
CHEMBL3645652.pdb,C=CC1CC1(NC(=O)C1CC2(CN1C(=O)C(NC(=O)C(NC(=O)C1CCCCN1C(C)C)C1CCCC1)C(C)(C)C)C(C)(C)C21CCC1)C(=O)NS(=O)(=O)N(CC)CC
CHEMBL3645653.pdb,C=CC1CC1(NC(=O)C1CC2(CN1C(=O)C(NC(=O)C(NC(=O)C1CCCCN1C(C)C)C1CCCCC1)C1CCCC1)C(C)(C)C21CCC1)C(=O)NS(=O)(=O)N(CC)CC
CHEMBL3645654.pdb,C=CC1CC1(NC(=O)C1CC2(CN1C(=O)C(NC(=O)C(NC(=O)C1CCCCN1CC)C1CCCC1)C(C)(C)C)C(C)(C)C21CCC1)C(=O)NS(=O)(=O)N(CC)CC
CHEMBL3645655.pdb,C=CC1CC1(NC(=O)C1CC2(CN1C(=O)C(NC(=O)C(NC(=O)C1CCCCN1C)C1CCCCC1)C(C)(C)C)C(C)(C)C21CCC1)C(=O)NS(=O)(=O)N1CCCC1
CHEMBL3645656.pdb,C=CC1CC1(NC(=O)C1CC2(CN1C(=O)C(NC(=O)C(NC(=O)C1CCCCN1C(C)C)C1CCCCC1)C(C)(C)C)C(C)(C)C21CCC1)C(=O)NS(=O)(=O)N(C)CC(F)F
CHEMBL3645657.pdb,C=CC1CC1(NC(=O)C1CC2(CN1C(=O)C(NC(=O)C(NC(=O)C1CCCCN1C(C)C)C1CCCCC1)C1CCOCC1)C(C)(C)C21CCC1)C(=O)NS(=O)(=O)N(CC)CC
CHEMBL3645658.pdb,C=CC1CC1(NC(=O)C1CC2(CN1C(=O)C(NC(=O)C(NC(=O)C1CCCCN1CC)C1CCCCC1)C1CCOCC1)C(C)(C)C21CCC1)C(=O)NS(=O)(=O)N(CC)CC
CHEMBL3645659.pdb,CCC1CC1(NC(=O)C1CC2(CN1C(=O)C(NC(=O)C(NC(=O)C1CCCCN1CC)C1CCCCC1)C(C)(C)C)C(C)(C)C21CCC1)C(=O)NS(=O)(=O)N(CC)CC
CHEMBL3645660.pdb,CCC1CC1(NC(=O)C1CC2(CN1C(=O)C(NC(=O)C(NC(=O)C1CCCCN1CC)C1CCCCC1)C(C)(C)C)C(C)(C)C21CCC1)C(=O)NS(=O)(=O)N1CCCC1
CHEMBL3645661.pdb,C=CC1CC1(NC(=O)C1CC2(CN1C(=O)C(NC(=O)c1cccc(C(=O)NC)c1)C(C)(C)C)C(C)(C)C21CCC1)C(=O)NS(=O)(=O)N1CCCC1
CHEMBL3645662.pdb,C=CC1CC1(NC(=O)C1CC2(CN1C(=O)C(NC(=O)C(NC(=O)C1CC(F)(F)CN1C(C)C)C1CCCCC1)C(C)(C)C)C(C)(C)C21CCC1)C(=O)NS(=O)(=O)N1CCCC1
CHEMBL3645663.pdb,CCC1CC1(NC(=O)C1CC2(CN1C(=O)C(NC(=O)C(NC(=O)C1CCCCN1C(C)C)C1CCCCC1)C(C)(C)C)C(C)(C)C21CCC1)C(=O)NS(=O)(=O)N(C)C1CC1
CHEMBL3645664.pdb,C=CC1CC1(NC(=O)C1CC2(CN1C(=O)C(NC(=O)C(NC(=O)C1CCCN1C(C)C)C1CCCCC1)C(C)(C)C)C(C)(C)C21CCC1)C(=O)NS(=O)(=O)N(C)CC
CHEMBL3645665.pdb,C=CC1CC1(NC(=O)C1CC2(CN1C(=O)C(NC(=O)C(NC(=O)C1CCCCN1C(C)C)C1CCCCC1)C(C)(C)C)C(C)(C)C21CCC1)C(=O)NS(=O)(=O)N(C)CC
CHEMBL3645666.pdb,C=CC1CC1(NC(=O)C1CC2(CN1C(=O)C(NC(=O)C(NC(=O)C1CCCCN1C)C1CCCCC1)C(C)(C)C)C(C)(C)C21CCC1)C(=O)NS(=O)(=O)N(C)CC
CHEMBL3645667.pdb,C=CC1CC1(NC(=O)C1CC2(CN1C(=O)C(NC(=O)C(NC(=O)C1CCCCN1CC)C1CCCCC1)C(C)(C)C)C(C)(C)C21CCC1)C(=O)NS(=O)(=O)N(C)CC
CHEMBL3645668.pdb,C=CC1CC1(NC(=O)C1CC2(CN1C(=O)C(NC(=O)C(NC(=O)C1CCCN1CC)C1CCCCC1)C(C)(C)C)C(C)(C)C21CCC1)C(=O)NS(=O)(=O)N1CCCCC1
CHEMBL3645669.pdb,C=CC1CC1(NC(=O)C1CC2(CN1C(=O)C(NC(=O)C(NC(=O)C1CCCN1CC)C1CCCCC1)C1CCOCC1)C(C)(C)C21CCC1)C(=O)NS(=O)(=O)N(CC)CC
CHEMBL3645670.pdb,C=CC1CC1(NC(=O)C1CC2(CN1C(=O)C(NC(=O)C(NC(=O)C1CCCN1CC)C1CCCC1)C(C)(C)C)C(C)(C)C21CCC1)C(=O)NS(=O)(=O)N(CC)CC
CHEMBL3645671.pdb,C=CC1CC1(NC(=O)C1CC2(CN1C(=O)C(NC(=O)C(NC(=O)C1CCCN1CC)C1CCCCC1)C(C)(C)C)C(C)(C)C21CCC1)C(=O)NS(=O)(=O)N(C)CCC
CHEMBL3645672.pdb,CCC1CC1(NC(=O)C1CC2(CN1C(=O)C(NC(=O)C(NC(=O)C1CCCN1CC)C1CCCCC1)C(C)(C)C)C(C)(C)C21CCC1)C(=O)NS(=O)(=O)N1CCCC1
CHEMBL3645673.pdb,CCC1CC1(NC(=O)C1CC2(CN1C(=O)C(NC(=O)C(NC(=O)C1CCCN1CC)C1CCCCC1)C(C)(C)C)C(C)(C)C21CCC1)C(=O)NS(=O)(=O)N(CC)CC
CHEMBL3645674.pdb,C=CC1CC1(NC(=O)C1CC2(CN1C(=O)C(NC(=O)C(NC(=O)C1CCCN1CC)C1CCCCC1)C(C)(C)C)C(C)(C)C21CCC1)C(=O)NS(=O)(=O)N(C)CC
CHEMBL3645675.pdb,C=CC1CC1(NC(=O)C1CC2(CN1C(=O)C(NC(=O)C(NC(=O)C1CCCN1CC)c1ccccc1)C(C)(C)C)C(C)(C)C21CCC1)C(=O)NS(=O)(=O)N1CCCC1
CHEMBL3645676.pdb,C=CC1CC1(NC(=O)C1CC2(CN1C(=O)C(NC(=O)C(NC(=O)C1CCCCN1CC)c1ccccc1)C(C)(C)C)C(C)(C)C21CCC1)C(=O)NS(=O)(=O)N1CCCC1
CHEMBL3645677.pdb,C=CC1CC1(NC(=O)C1CC2(CN1C(=O)C(NC(=O)C(NC(=O)C1CCCCN1C(C)C)c1ccccc1)C(C)(C)C)C(C)(C)C21CCC1)C(=O)NS(=O)(=O)N1CCCC1
CHEMBL3645678.pdb,C=CC1CC1(NC(=O)C1CC2(CN1C(=O)C(NC(=O)C(NC(=O)C1CCC(F)(F)CN1C(C)C)C1CCCCC1)C(C)(C)C)C(C)(C)C21CCC1)C(=O)NS(=O)(=O)N1CCCC1
CHEMBL3645679.pdb,C=CC1CC1(NC(=O)C1CC2(CN1C(=O)C(NC(=O)C(NC(=O)C1CCCCN1C(C)C)C1CCCCC1)C(C)(C)C)C(C)(C)C21CCC1)C(=O)NS(=O)(=O)N(CC)CCC
CHEMBL3645680.pdb,C=CC1CC1(NC(=O)C1CC2(CN1C(=O)C(NC(=O)C(NC(=O)C1CCCN1CC)C1CCCCC1)C(C)(C)C)C(C)(C)C21CCC1)C(=O)NS(=O)(=O)N(CC)CCC
CHEMBL3645681.pdb,C=CC1CC1(NC(=O)C1CC2(CN1C(=O)C(NC(=O)C(NC(=O)C1CCCCN1C(C)C)C1CCCCC1)C(C)(C)C)C(C)(C)C21CCC1)C(=O)NS(=O)(=O)N(C)C(C)C
CHEMBL3645682.pdb,C=CC1CC1(NC(=O)C1CC2(CN1C(=O)C(NC(=O)C(NC(=O)C1CCCN1CC)C1CCCCC1)C(C)(C)C)C(C)(C)C21CCC1)C(=O)NS(=O)(=O)N(C)C(C)C
CHEMBL3645683.pdb,C=CC1CC1(NC(=O)C1CC2(CN1C(=O)C(NC(=O)C(NC(=O)C1CCCCN1C(C)C)C1CCCCC1)C(C)(C)C)C(C)(C)C21CCC1)C(=O)NS(=O)(=O)N(CC)C(C)C
CHEMBL3645684.pdb,C=CC1CC1(NC(=O)C1CC2(CN1C(=O)C(NC(=O)C(NC(=O)C1CCCN1CC)C1CCCCC1)C(C)(C)C)C(C)(C)C21CCC1)C(=O)NS(=O)(=O)N(CC)C(C)C
CHEMBL3645685.pdb,C=CC1CC1(NC(=O)C1CC2(CN1C(=O)C(NC(=O)C(NC(=O)C1CCCCN1C(C)C)C1CCCCC1)C(C)(C)C)C(C)(C)C21CCC1)C(=O)NS(=O)(=O)N(C)CCC
CHEMBL3645686.pdb,C=CC1CC1(NC(=O)C1CC2(CN1C(=O)C(NC(=O)C(NC(=O)C1CCCCN1C(C)C)C1CCCCC1)C(C)(C)C)C(C)(C)C21CCC1)C(=O)NS(=O)(=O)N1CCCCC1
CHEMBL3645687.pdb,C=CC1CC1(NC(=O)C1CC2(CN1C(=O)C(NC(=O)C(NC(=O)C1CCCCN1C(C)C)C1CCCCC1)C(C)(C)C)C(C)(C)C21CCC1)C(=O)NS(=O)(=O)N(C)CCC
CHEMBL3645688.pdb,C=CC1CC1(NC(=O)C1CC2(CN1C(=O)C(NC(=O)C(NC(=O)C1CCCCN1C(C)C)C1CCCCC1)C(C)(C)C)C(C)(C)C21CCC1)C(=O)NS(=O)(=O)N1CCCCC1
CHEMBL3645689.pdb,CCC1CC1(NC(=O)C1CC2(CN1C(=O)C(NC(=O)C(NC(=O)C1CCCN1C(C)C)C1CCCCC1)C(C)(C)C)C(C)(C)C21CCC1)C(=O)NS(=O)(=O)N1CCCC1
CHEMBL3645690.pdb,CCC1CC1(NC(=O)C1CC2(CN1C(=O)C(NC(=O)C(NC(=O)C1CCCN1C(C)C)C1CCCCC1)C(C)(C)C)C(C)(C)C21CCC1)C(=O)NS(=O)(=O)N(CC)CC
CHEMBL3645691.pdb,C=CC1CC1(NC(=O)C1CC2(CN1C(=O)C(NC(=O)C(NC(=O)C1CCCCN1C)C1CCCCC1)C(C)(C)C)C(C)(C)C21CCC1)C(=O)NS(=O)(=O)N(CC)CC
CHEMBL3645692.pdb,C=CC1CC1(NC(=O)C1CC2(CN1C(=O)C(NC(=O)C(NC(=O)C1CCCCN1C(C)C)C1CCCCC1)C(C)(C)C)C(C)(C)C21CCC1)C(=O)NS(=O)(=O)N(C)C(C)C
CHEMBL3645693.pdb,C=CC1CC1(NC(=O)C1CC2(CN1C(=O)C(NC(=O)C(NC(=O)C1CCCCN1C(C)C)C1CCCCC1)C(C)(C)C)C(C)(C)C21CCC1)C(=O)NS(=O)(=O)N(CC)C(C)C
CHEMBL3645694.pdb,CCC1CC1(NC(=O)C1CC2(CN1C(=O)C(NC(=O)C(NC(=O)C1CCCCN1C(C)C)C1CCCCC1)C(C)(C)C)C(C)(C)C21CCC1)C(=O)NS(=O)(=O)N(CC)CC
CHEMBL3645695.pdb,C=CC1CC1(NC(=O)C1CC2(CN1C(=O)C(NC(=O)C(NC(=O)C1CCCCN1C(C)C)C(C)C)C(C)(C)C)C(C)(C)C21CCC1)C(=O)NS(=O)(=O)N(CC)CC
CHEMBL3645696.pdb,CCC1CC1(NC(=O)C1CC2(CN1C(=O)C(NC(=O)C(NC(=O)C1CCCCN1C(C)C)C1CCCCC1)C(C)(C)C)C(C)(C)C21CCC1)C(=O)NS(=O)(=O)N1CCCC1
CHEMBL3645697.pdb,C=CC1CC1(NC(=O)C1CC2(CN1C(=O)C(NC(=O)C(NC(=O)C1CCCCN1C(C)C)C1CCCCC1)C1(C)CCOCC1)C(C)(C)C21CCC1)C(=O)NS(=O)(=O)N1CCCC1
CHEMBL3645698.pdb,C=CC1CC1(NC(=O)C1CC2(CN1C(=O)C(NC(=O)C(NC(=O)C1CCCN1CC)C1CCCCC1)C1(C)CCOCC1)C(C)(C)C21CCC1)C(=O)NS(=O)(=O)N1CCCC1
CHEMBL3645699.pdb,C=CC1CC1(NC(=O)C1CC2(CN1C(=O)C(NC(=O)C(NC(=O)C1CCCN1CC)C(C)(C)C)C1(C)CCOCC1)C(C)(C)C21CCC1)C(=O)NS(=O)(=O)N1CCCC1
CHEMBL3645700.pdb,C=CC1CC1(NC(=O)C1CC2(CN1C(=O)C(NC(=O)C(NC(=O)C1CCCCN1C(C)C)C1CCOCC1)C1(C)CCOCC1)C(C)(C)C21CCC1)C(=O)NS(=O)(=O)N1CCCC1
CHEMBL3645701.pdb,C=CC1CC1(NC(=O)C1CC2(CN1C(=O)C(NC(=O)C(NC(=O)C1CCCCN1C(C)C)C(C)(C)C)C1(C)CCOCC1)C(C)(C)C21CCC1)C(=O)NS(=O)(=O)N1CCCC1
CHEMBL3645702.pdb,C=CC1CC1(NC(=O)C1CC2(CN1C(=O)C(NC(=O)C(NC(=O)C1CCCN1CC)C1CCOCC1)C1(C)CCOCC1)C(C)(C)C21CCC1)C(=O)NS(=O)(=O)N1CCCC1
CHEMBL3645703.pdb,C=CC1CC1(NC(=O)C1CC2(CN1C(=O)C(NC(=O)C(NC(=O)C1CCCCN1C(C)C)C(C)C)C(C)C)C(C)(C)C21CCC1)C(=O)NS(=O)(=O)N(CC)CC
CHEMBL3645704.pdb,C=CC1CC1(NC(=O)C1CC2(CN1C(=O)C(NC(=O)C(NC(=O)C1CCCCN1C(C)C)C(C)(C)C)C(C)C)C(C)(C)C21CCC1)C(=O)NS(=O)(=O)N(CC)CC
CHEMBL3645705.pdb,C=CC1CC1(NC(=O)C1CC2(CN1C(=O)C(NC(=O)C(NC(=O)C1CCCCN1C(C)C)C1CCCCC1)C(C)C)C(C)(C)C21CCC1)C(=O)NS(=O)(=O)N(CC)CC
CHEMBL3645706.pdb,C=CC1CC1(NC(=O)C1CC2(CN1C(=O)C(NC(=O)C(NC(=O)C1CCCCN1C(C)C)C1(C)CCCCC1)C(C)(C)C)C(C)(C)C21CCC1)C(=O)NS(=O)(=O)N(CC)CC
CHEMBL3645707.pdb,C=CC1CC1(NC(=O)C1CC2(CN1C(=O)C(NC(=O)C(NC(=O)C1CCCN1CC)C1(C)CCCCC1)C(C)(C)C)C(C)(C)C21CCC1)C(=O)NS(=O)(=O)N(CC)CC
CHEMBL3645708.pdb,C=CC1CC1(NC(=O)C1CC2(CN1C(=O)C(NC(=O)C(NC(=O)C1CCCCN1C(C)C)C1(C)CCCCC1)C(C)(C)C)C(C)(C)C21CCC1)C(=O)NS(=O)(=O)N1CCCC1
CHEMBL3645709.pdb,C=CC1CC1(NC(=O)C1CC2(CN1C(=O)C(NC(=O)C(NC(=O)C1CCCN1CC)C1(C)CCCCC1)C(C)(C)C)C(C)(C)C21CCC1)C(=O)NS(=O)(=O)N1CCCC1
CHEMBL3645710.pdb,C=CC1CC1(NC(=O)C1CC2(CN1C(=O)C(NC(=O)C(NC(=O)C1CCCCN1C(C)C)C1CCCCC1)C(C)(C)C)C(C)(C)C21CCC1)C(=O)NS(=O)(=O)N(CC)CCC
CHEMBL3645711.pdb,CCC1CC1(NC(=O)C1CC2(CN1C(=O)C(NC(=O)C(NC(=O)C1CCCCN1C(C)C)C1CCCCC1)C(C)(C)C)C(C)(C)C21CCC1)C(=O)NS(=O)(=O)N(C)C(C)C
CHEMBL3645712.pdb,CCCN(C)S(=O)(=O)NC(=O)C1(NC(=O)C2CC3(CN2C(=O)C(NC(=O)C(NC(=O)C2CCCCN2C(C)C)C2CCCCC2)C(C)(C)C)C(C)(C)C32CCC2)CC1CC
CHEMBL3645713.pdb,C=CC1CC1(NC(=O)C1CC2(CN1C(=O)C(NC(=O)C(NC(=O)C1CCCCN1C(C)C)C1CCCCC1)C(C)(C)C)C(C)(C)C21CCC1)C(=O)NS(=O)(=O)N1CCC(F)(F)C1
CHEMBL3645714.pdb,C=CC1CC1(NC(=O)C1CC2(CN1C(=O)C(NC(=O)C(NC(=O)C1SCCN1CC)C1CCCCC1)C(C)(C)C)C(C)(C)C21CCC1)C(=O)NS(=O)(=O)N1CCCC1
CHEMBL3645715.pdb,C=CC1CC1(NC(=O)C1CC2(CN1C(=O)C(NC(=O)C(NC(=O)C1CCCN1CC)C1(C)CCCCC1)C1(C)CCOCC1)C(C)(C)C21CCC1)C(=O)NS(=O)(=O)N1CCCC1
CHEMBL3645716.pdb,C=CC1CC1(NC(=O)C1CC2(CN1C(=O)C(NC(=O)C(NC(=O)C1CCCCN1C(C)C)C1(C)CCCCC1)C1(C)CCOCC1)C(C)(C)C21CCC1)C(=O)NS(=O)(=O)N1CCCC1
CHEMBL3645717.pdb,C=CC1CC1(NC(=O)C1CC2(CN1C(=O)C(NC(=O)C(NC(=O)C1CCCCN1C(C)C)C1CCCCC1)C1(C)CCOCC1)C(C)(C)C21CCC1)C(=O)NS(=O)(=O)N(CC)CC
CHEMBL3645718.pdb,C=CC1CC1(NC(=O)C1CC2(CN1C(=O)C(NC(=O)C(NC(=O)C1CCCCN1CC)C1CCCCC1)C1(C)CCOCC1)C(C)(C)C21CCC1)C(=O)NS(=O)(=O)N(CC)CC
CHEMBL3645719.pdb,C=CC1CC1(NC(=O)C1CC2(CN1C(=O)C(NC(=O)C(NC(=O)C1CCCCN1C(C)C)C1(C)CCCCC1)C1(C)CCOCC1)C(C)(C)C21CCC1)C(=O)NS(=O)(=O)N(CC)CC
CHEMBL3645720.pdb,C=CC1CC1(NC(=O)C1CC2(CN1C(=O)C(NC(=O)C(NC(=O)C1CCCN1CC)C1(C)CCCCC1)C1(C)CCOCC1)C(C)(C)C21CCC1)C(=O)NS(=O)(=O)N(CC)CC
CHEMBL3645721.pdb,C=CC1CC1(NC(=O)C1CC2(CN1C(=O)C(NC(=O)C(NC(=O)C1CCCN1CC)C1CCCCC1)C1(C)CCOCC1)C(C)(C)C21CCC1)C(=O)NS(=O)(=O)N(CC)CC
CHEMBL3645722.pdb,C=CC1CC1(NC(=O)C1CC2(CN1C(=O)C(NC(=O)C(NC(=O)C1CCCCN1C(C)C)C1CCCCC1)C(C)(C)C)C(C)(C)C21CCC1)C(=O)NS(=O)(=O)N(CC)CC(F)F
CHEMBL3645723.pdb,C=CC1CC1(NC(=O)C1CC2(CN1C(=O)C(NC(=O)C(NC(=O)C1CCCCN1C(C)C)C1CCCCC1)C(C)(C)C)C(C)(C)C21CCC1)C(=O)NS(=O)(=O)N(CC)CCF
CHEMBL3645724.pdb,C=CC1CC1(NC(=O)C1CC2(CN1C(=O)C(NC(=O)C(NC(=O)C1CCCN1CC)C1(C)CCOCC1)C1(C)CCCCC1)C(C)(C)C21CCC1)C(=O)NS(=O)(=O)N(CC)CC
CHEMBL3645725.pdb,C=CC1CC1(NC(=O)C1CC2(CN1C(=O)C(NC(=O)C(NC(=O)C1CCCCN1C(C)C)C1(C)CCOCC1)C1(C)CCCCC1)C(C)(C)C21CCC1)C(=O)NS(=O)(=O)N(CC)CC
CHEMBL3645726.pdb,C=CC1CC1(NC(=O)C1CC2(CN1C(=O)C(NC(=O)C(NC(=O)C1CCCN1CC)C1(C)CCCCC1)C1(C)CCCCC1)C(C)(C)C21CCC1)C(=O)NS(=O)(=O)N(CC)CC
CHEMBL3645727.pdb,C=CC1CC1(NC(=O)C1CC2(CN1C(=O)C(NC(=O)C(NC(=O)C1CCCCN1C(C)C)C1(C)CCCCC1)C1(C)CCCCC1)C(C)(C)C21CCC1)C(=O)NS(=O)(=O)N(CC)CC
CHEMBL3645728.pdb,C=CC1CC1(NC(=O)C1CC2(CN1C(=O)C(NC(=O)C(NC(=O)c1[nH]c(C)c(C)c1C(C)=O)C(C)(C)C)C(C)(C)C)C(C)(C)C21CCC1)C(=O)NS(=O)(=O)C1CC1
CHEMBL3645729.pdb,C=CC1CC1(NC(=O)C1CC2(CN1C(=O)C(NC(=O)C(NC(=O)C1CCCCN1C(C)C)C1CCCCC1)C(C)(C)C)C(C)(C)C21CCC1)C(=O)NS(=O)(=O)N(C)C
CHEMBL3645730.pdb,C=CC1CC1(NC(=O)C1CC2(CN1C(=O)C(NC(=O)C(NC(=O)C1CCCCN1C(C)C)C(C)(C)C)C(C)(C)C)C(C)(C)C21CCC1)C(=O)NS(=O)(=O)N1CCCC1CO
CHEMBL3645731.pdb,C=CC1CC1(NC(=O)C1CC2(CN1C(=O)C(NC(=O)C(NC(=O)C1CCCCN1C(C)C)C1CCCCC1)C(C)(C)C)C(C)(C)C21CCC1)C(=O)NS(=O)(=O)N1CC(F)(F)C1
CHEMBL3645732.pdb,C=CC1CC1(NC(=O)C1CC2(CN1C(=O)C(NC(=O)C(NC(=O)c1cnccn1)C1CCCCC1)C(C)(C)C)C(C)(C)C21CCC1)C(=O)NS(=O)(=O)NC1CC1
CHEMBL3645733.pdb,C=CC1CC1(NC(=O)C1CC2(CN1C(=O)C(NC(=O)C(NC(=O)c1cnccn1)C1CCCCC1)C(C)(C)C)C(C)(C)C21CCC1)C(=O)NS(=O)(=O)NC(C)(C)C
CHEMBL3645734.pdb,C=CC1CC1(NC(=O)C1CC2(CN1C(=O)C(NC(=O)C(NC(=O)c1cnccn1)C1CCCCC1)C(C)(C)C)C(C)(C)C21CCC1)C(=O)NS(=O)(=O)N(C)CC
CHEMBL3645735.pdb,C=CC1CC1(NC(=O)C1CC2(CN1C(=O)C(NC(=O)C(NC(=O)c1cnccn1)C1CCCCC1)C(C)(C)C)C(C)(C)C21CCC1)C(=O)NS(=O)(=O)N(C)CCCl
CHEMBL3645736.pdb,C=CC1CC1(NC(=O)C1CC2(CN1C(=O)C(NC(=O)C(NC(=O)C1CCCCN1C(C)C)C1CCCCC1)C(C)(C)C)C(C)(C)C21CCC1)C(=O)NS(=O)(=O)NC(C)(C)C
CHEMBL3645737.pdb,C=CC1CC1(NC(=O)C1CC2(CN1C(=O)C(NC(=O)C(NC(=O)C1CCCCN1C(C)C)C1CCCCC1)C(C)(C)C)C(C)(C)C21CCC1)C(=O)NS(=O)(=O)N(C)CC
CHEMBL3645738.pdb,C=CC1CC1(NC(=O)C1CC2(CN1C(=O)C(NC(=O)C(NC(=O)C1CCCCN1C(C)C)C1CCCCC1)C(C)(C)C)C(C)(C)C21CCC1)C(=O)NS(=O)(=O)N(C)CCCl
CHEMBL3645739.pdb,C=CC1CC1(NC(=O)C1CC2(CN1C(=O)C(NC(=O)C(NC(=O)C1CCCCN1C(C)C)C1CCCCC1)C(C)(C)C)C(C)(C)C21CCC1)C(=O)NS(=O)(=O)NC1CC1
CHEMBL3645740.pdb,C=CC1CC1(NC(=O)C1CC2(CN1C(=O)C(NC(=O)C(NC(=O)c1cnccn1)C1CCCCC1)C(C)(C)C)C(C)(C)C21CCC1)C(=O)NS(=O)(=O)N(CC)CC
CHEMBL3645741.pdb,C=CC1CC1(NC(=O)C1CC2(CN1C(=O)C(NC(=O)C(NC(=O)C1CCCCN1C(C)C)C1CCCCC1)C(C)(C)C)C(C)(C)C21CCC1)C(=O)NS(=O)(=O)N(CC)CC
CHEMBL3645742.pdb,C=CC1CC1(NC(=O)C1CC2(CN1C(=O)C(NC(=O)C(NC(=O)Cc1ccncc1)C1CCCCC1)C(C)(C)C)C(C)(C)C21CCC1)C(=O)NS(=O)(=O)N1CCCC1
CHEMBL3645743.pdb,C=CC1CC1(NC(=O)C1CC2(CN1C(=O)C(NC(=O)C(NC(=O)c1cc3cc(OC)ccc3[nH]1)C1CCCCC1)C(C)(C)C)C(C)(C)C21CCC1)C(=O)NS(=O)(=O)N1CCCC1
CHEMBL3645744.pdb,C=CC1CC1(NC(=O)C1CC2(CN1C(=O)C(NC(=O)C(NC(=O)CN1CCc3ccccc3C1)C1CCCCC1)C(C)(C)C)C(C)(C)C21CCC1)C(=O)NS(=O)(=O)N1CCCC1
CHEMBL3645745.pdb,C=CC1CC1(NC(=O)C1CC2(CN1C(=O)C(NC(=O)C(NC(=O)c1cc3ccccc3n1C)C1CCCCC1)C(C)(C)C)C(C)(C)C21CCC1)C(=O)NS(=O)(=O)N1CCCC1
CHEMBL3645746.pdb,C=CC1CC1(NC(=O)C1CC2(CN1C(=O)C(NC(=O)C(NC(=O)CC1CCCCO1)C1CCCCC1)C(C)(C)C)C(C)(C)C21CCC1)C(=O)NS(=O)(=O)N1CCCC1
CHEMBL3645747.pdb,C=CC1CC1(NC(=O)C1CC2(CN1C(=O)C(NC(=O)C(NC(=O)c1cc(C)nn1CC)C1CCCCC1)C(C)(C)C)C(C)(C)C21CCC1)C(=O)NS(=O)(=O)N1CCCC1
CHEMBL3645748.pdb,C=CC1CC1(NC(=O)C1CC2(CN1C(=O)C(NC(=O)C(NC(=O)c1cc(C(C)(C)C)nn1C)C1CCCCC1)C(C)(C)C)C(C)(C)C21CCC1)C(=O)NS(=O)(=O)N1CCCC1
CHEMBL3645749.pdb,C=CC1CC1(NC(=O)C1CC2(CN1C(=O)C(NC(=O)C(NC(=O)c1cc(C)nn1C(C)(C)C)C1CCCCC1)C(C)(C)C)C(C)(C)C21CCC1)C(=O)NS(=O)(=O)N1CCCC1
CHEMBL3645750.pdb,C=CC1CC1(NC(=O)C1CC2(CN1C(=O)C(NC(=O)C(NC(=O)c1cnn(-c3ccccc3)c1)C1CCCCC1)C(C)(C)C)C(C)(C)C21CCC1)C(=O)NS(=O)(=O)N1CCCC1
CHEMBL3645751.pdb,C=CC1CC1(NC(=O)C1CC2(CN1C(=O)C(NC(=O)C(NC(=O)c1cc(CC)nn1C)C1CCCCC1)C(C)(C)C)C(C)(C)C21CCC1)C(=O)NS(=O)(=O)N1CCCC1
CHEMBL3645752.pdb,C=CC1CC1(NC(=O)C1CC2(CN1C(=O)C(NC(=O)C(NC(=O)Cn1nc(C)cc1C)C1CCCCC1)C(C)(C)C)C(C)(C)C21CCC1)C(=O)NS(=O)(=O)N1CCCC1
CHEMBL3645753.pdb,C=CC1CC1(NC(=O)C1CC2(CN1C(=O)C(NC(=O)C(NC(=O)C1CCCN1C(C)=O)C1CCCCC1)C(C)(C)C)C(C)(C)C21CCC1)C(=O)NS(=O)(=O)N1CCCC1
CHEMBL3645754.pdb,C=CC1CC1(NC(=O)C1CC2(CN1C(=O)C(NC(=O)C(NC(=O)c1cc3ccccc3[nH]1)C1CCCCC1)C(C)(C)C)C(C)(C)C21CCC1)C(=O)NS(=O)(=O)N1CCCC1
CHEMBL3645755.pdb,C=CC1CC1(NC(=O)C1CC2(CN1C(=O)C(NC(=O)C(NC(=O)c1c[nH]c3ccccc13)C1CCCCC1)C(C)(C)C)C(C)(C)C21CCC1)C(=O)NS(=O)(=O)N1CCCC1
CHEMBL3645756.pdb,C=CC1CC1(NC(=O)C1CC2(CN1C(=O)C(NC(=O)C(NC(=O)c1ccc3[nH]ccc3c1)C1CCCCC1)C(C)(C)C)C(C)(C)C21CCC1)C(=O)NS(=O)(=O)N1CCCC1
CHEMBL3645757.pdb,C=CC1CC1(NC(=O)C1CC2(CN1C(=O)C(NC(=O)C(NC(=O)c1cc3ccccc3o1)C1CCCCC1)C(C)(C)C)C(C)(C)C21CCC1)C(=O)NS(=O)(=O)N1CCCC1
CHEMBL3645758.pdb,C=CC1CC1(NC(=O)C1CC2(CN1C(=O)C(NC(=O)C(NC(=O)c1ccc3occc3c1)C1CCCCC1)C(C)(C)C)C(C)(C)C21CCC1)C(=O)NS(=O)(=O)N1CCCC1
CHEMBL3645759.pdb,C=CC1CC1(NC(=O)C1CC2(CN1C(=O)C(NC(=O)C(NC(=O)C(OC)c1ccccc1)C1CCCCC1)C(C)(C)C)C(C)(C)C21CCC1)C(=O)NS(=O)(=O)N1CCCC1
CHEMBL3645760.pdb,C=CC1CC1(NC(=O)C1CC2(CN1C(=O)C(NC(=O)C(NC(=O)C1CCN(C(C)=O)CC1)C1CCCCC1)C(C)(C)C)C(C)(C)C21CCC1)C(=O)NS(=O)(=O)N1CCCC1
CHEMBL3645761.pdb,C=CC1CC1(NC(=O)C1CC2(CN1C(=O)C(NC(=O)C(NC(=O)c1nccc3ccccc13)C1CCCCC1)C(C)(C)C)C(C)(C)C21CCC1)C(=O)NS(=O)(=O)N1CCCC1
CHEMBL3645762.pdb,C=CC1CC1(NC(=O)C1CC2(CN1C(=O)C(NC(=O)C(NC(=O)c1cnc3ccccc3c1)C1CCCCC1)C(C)(C)C)C(C)(C)C21CCC1)C(=O)NS(=O)(=O)N1CCCC1
CHEMBL3645763.pdb,C=CC1CC1(NC(=O)C1CC2(CN1C(=O)C(NC(=O)C(NC(=O)c1ccnc3ccccc13)C1CCCCC1)C(C)(C)C)C(C)(C)C21CCC1)C(=O)NS(=O)(=O)N1CCCC1
CHEMBL3645764.pdb,C=CC1CC1(NC(=O)C1CC2(CN1C(=O)C(NC(=O)C(NC(=O)c1ccc3c(ccn3C)c1)C1CCCCC1)C(C)(C)C)C(C)(C)C21CCC1)C(=O)NS(=O)(=O)N1CCCC1
CHEMBL3645765.pdb,C=CC1CC1(NC(=O)C1CC2(CN1C(=O)C(NC(=O)C(NC(=O)c1cnc(C)cn1)C(C)CCC)C(C)(C)C)C(C)(C)C21CCC1)C(=O)NS(=O)(=O)N1CCCC1
CHEMBL3645766.pdb,C=CC1CC1(NC(=O)C1CC2(CN1C(=O)C(NC(=O)C(NC(=O)CN(C)C)C1CCCCC1)C(C)(C)C)C(C)(C)C21CCC1)C(=O)NS(=O)(=O)N1CCCC1
CHEMBL3645767.pdb,C=CC1CC1(NC(=O)C1CC2(CN1C(=O)C(NC(=O)C(NC(=O)c1cnon1)C1CCCCC1)C(C)(C)C)C(C)(C)C21CCC1)C(=O)NS(=O)(=O)N1CCCC1
CHEMBL3645768.pdb,C=CC1CC1(NC(=O)C1CC2(CN1C(=O)C(NC(=O)C(NC(=O)CN1CCN(C)CC1)C1CCCCC1)C(C)(C)C)C(C)(C)C21CCC1)C(=O)NS(=O)(=O)N1CCCC1
CHEMBL3648645.pdb,CCC1CC1(NC(=O)C1CC2(CN1C(=O)C(NC(=O)C(NC(=O)C1CCCCN1C(C)C)C1CCCCC1)C(C)(C)C)C(C)(C)C21CCC1)C(=O)NS(=O)(=O)N(CC)CC
CHEMBL3661085.pdb,COc1ccc2c(OC3CC4C(=O)NCCCCC/C=C\C5CC5(C(=O)NS(=O)(=O)C5CC5)NC(=O)C4C3)cc(-c3nc(C(C)C)cs3)nc2c1C
CHEMBL3661087.pdb,COc1ccc2c(OC3CC4C(=O)NC5(C(=O)NS(=O)(=O)C6(C)CC6)CC5/C=C\CCCCN(C)C(=O)C4C3)cc(-c3nc(C(C)C)cs3)nc2c1Cl
CHEMBL3661088.pdb,COc1ccc2c(OC3CC4C(=O)NC5(C(=O)NS(=O)(=O)C6(C)CC6)CC5/C=C\CCCCN(C)C(=O)C4C3)cc(-c3nc(C(C)C)cs3)nc2c1C
CHEMBL3680939.pdb,COc1ccc2c(OC3CC4C(=O)NC5(C(=O)O)CC5/C=C\CCCCOC(=O)N4C3)cc(-c3ccccc3)nc2c1
CHEMBL3680940.pdb,COc1ccc2c(OC3CC4C(=O)NC5(C(=O)O)CC5/C=C\CCCCOC(=O)N4C3)nc(Cl)cc2c1
CHEMBL3680941.pdb,COc1ccc2c(OC3CC4C(=O)NC5(C(=O)NS(=O)(=O)C6CC6)CC5/C=C\CCCCOC(=O)N4C3)nc(Cl)cc2c1
CHEMBL3680942.pdb,COc1ccc2c(OC3CC4C(=O)NC5(C(=O)O)CC5/C=C\CCCCCOC(=O)N4C3)cc(-c3ccccc3)nc2c1
CHEMBL3680943.pdb,COc1ccc2c(OC3CC4C(=O)NC5(C(=O)O)CC5/C=C\CCCCN(C)C(=O)C4C3)cc(-c3nc(C(C)C)cs3)nc2c1Cl
